id,label,model,cohort,source_level,method,gate_status,failed_gates,sizes,measurements,panel_id,point_id,source_hashes
eb5974fe147c481edff4,native_int4_l16,OLMo-3-7B-Instruct,"exp_20260908_7b_bf16_capability | GSM train-dev 1,024; MC 6,144; fixed C4/copy; BF16/eager/H100",registry-reported,Quantization / pruning / deletion,positive (experiment assessment; see original gate record),[],"[{""axis"": ""site_registered_bytes"", ""label"": ""Replacement/site registered bytes"", ""value"": 74012160, ""unit"": ""bytes""}, {""axis"": ""whole_registered_bytes"", ""label"": ""Whole-model registered bytes"", ""value"": 14399502336, ""unit"": ""bytes""}, {""axis"": ""checkpoint_unspecified"", ""label"": ""Checkpoint file bytes (scope in record)"", ""value"": 14400014823, ""unit"": ""bytes""}]","[{""benchmark"": ""GSM correct"", ""value"": 537, ""unit"": ""items""}, {""benchmark"": ""MC macro accuracy"", ""value"": 0.7630208333333334, ""unit"": ""fraction""}, {""benchmark"": ""Copy2048 perplexity ratio"", ""value"": 1.0010058775883948, ""unit"": ""ratio""}, {""benchmark"": ""Copy512 perplexity ratio"", ""value"": 1.0005249491842885, ""unit"": ""ratio""}, {""benchmark"": ""C4 teacher KL"", ""value"": 0.002758914485520615, ""unit"": ""nats_per_token""}]",panel_69,exp_20260908_7b_bf16_capability:23:14,"[""82fd868721016b7cfa2133f61f16f9e885c0d81f065156b4c4e0d69d59ac5fc1""]"
e69af3824add74d91a8c,native_int8_l16,OLMo-3-7B-Instruct,"exp_20260908_7b_bf16_capability | GSM train-dev 1,024; MC 6,144; fixed C4/copy; BF16/eager/H100",registry-reported,Quantization / pruning / deletion,positive (experiment assessment; see original gate record),[],"[{""axis"": ""site_registered_bytes"", ""label"": ""Replacement/site registered bytes"", ""value"": 141645312, ""unit"": ""bytes""}, {""axis"": ""whole_registered_bytes"", ""label"": ""Whole-model registered bytes"", ""value"": 14467135488, ""unit"": ""bytes""}, {""axis"": ""checkpoint_unspecified"", ""label"": ""Checkpoint file bytes (scope in record)"", ""value"": 14467647975, ""unit"": ""bytes""}]","[{""benchmark"": ""GSM correct"", ""value"": 571, ""unit"": ""items""}, {""benchmark"": ""MC macro accuracy"", ""value"": 0.7623697916666666, ""unit"": ""fraction""}, {""benchmark"": ""Copy2048 perplexity ratio"", ""value"": 0.9997982549054241, ""unit"": ""ratio""}, {""benchmark"": ""Copy512 perplexity ratio"", ""value"": 0.9996509528014126, ""unit"": ""ratio""}, {""benchmark"": ""C4 teacher KL"", ""value"": 0.00047520948982798604, ""unit"": ""nats_per_token""}]",panel_69,exp_20260908_7b_bf16_capability:45:36,"[""82fd868721016b7cfa2133f61f16f9e885c0d81f065156b4c4e0d69d59ac5fc1""]"
5d010898acb2926ec5b7,teacher,OLMo-3-7B-Instruct,"exp_20260908_7b_bf16_capability | GSM train-dev 1,024; MC 6,144; fixed C4/copy; BF16/eager/H100",registry-reported,Original teacher,positive (experiment assessment; see original gate record),[],"[{""axis"": ""site_registered_bytes"", ""label"": ""Replacement/site registered bytes"", ""value"": 270532608, ""unit"": ""bytes""}, {""axis"": ""registered_unspecified"", ""label"": ""Registered bytes (scope in record)"", ""value"": 14596022784, ""unit"": ""bytes""}]","[{""benchmark"": ""GSM correct"", ""value"": 573, ""unit"": ""items""}, {""benchmark"": ""MC macro accuracy"", ""value"": 0.7620442708333334, ""unit"": ""fraction""}]",panel_69,exp_20260908_7b_bf16_capability:4:2,"[""82fd868721016b7cfa2133f61f16f9e885c0d81f065156b4c4e0d69d59ac5fc1""]"
473b065aeb71f0bbe894,completed_deleted_l16,Olmo-3-7B-Instruct,exp_20260908_larger_model_characterization | Fresh 7B FP32/eager/H100; GSM train-dev1024 and six 256-item MC tasks; characterization only,registry-reported,Quantization / pruning / deletion,mixed (experiment assessment; see original gate record),[],"[{""axis"": ""parameters_unspecified"", ""label"": ""Parameter count (scope in record)"", ""value"": 7162744832, ""unit"": ""parameters""}]","[{""benchmark"": ""GSM correct"", ""value"": 831, ""unit"": ""items""}, {""benchmark"": ""MC macro accuracy"", ""value"": 0.7473958333333334, ""unit"": ""fraction""}]",panel_98,exp_20260908_larger_model_characterization:5:3,"[""85f916b260500fcbcd7fd14da08f57d846caa50d56b9a5f0e088aadbbacad4c9""]"
4ec188bdcdbef240c81b,completed_teacher,Olmo-3-7B-Instruct,exp_20260908_larger_model_characterization | Fresh 7B FP32/eager/H100; GSM train-dev1024 and six 256-item MC tasks; characterization only,registry-reported,Original teacher,mixed (experiment assessment; see original gate record),[],"[{""axis"": ""parameters_unspecified"", ""label"": ""Parameter count (scope in record)"", ""value"": 7298011136, ""unit"": ""parameters""}]","[{""benchmark"": ""GSM correct"", ""value"": 567, ""unit"": ""items""}, {""benchmark"": ""MC macro accuracy"", ""value"": 0.7571614583333334, ""unit"": ""fraction""}]",panel_98,exp_20260908_larger_model_characterization:2:0,"[""85f916b260500fcbcd7fd14da08f57d846caa50d56b9a5f0e088aadbbacad4c9""]"
2af196434570bd324b58,Nine-group PopulationNetwork composition,Qwen/Qwen2.5-72B-Instruct,Curated: Historical independent depth-prefix09 confirmation; fresh disjoint C4 and192-item six-task diagnostic; distinct from the current GSM1024/MC6144 battery,curated,Dendritic replacement,Historical diagnostic only; current full gates not measured,[],"[{""axis"": ""whole_registered_bytes"", ""label"": ""Whole-model registered bytes"", ""value"": 132891395107, ""unit"": ""bytes""}]","[{""benchmark"": ""MC correct / 192"", ""value"": 160, ""unit"": ""items""}]",panel_6,qwen72b_depth_prefix09__mc,"[""009c76825a5131ea300d2f9a1eaa0d669d6df312eaf5f68848a39ceb0e9ffc73"", ""11bcb53d2f3adea602bd71560dbd6f726d5615278cf863bd81ca9292ae0aa2f8"", ""6d17c5b9d4da066acc5084ba2b0b457d408b5f2e25433202f7c8e1e2b6e51015"", ""795690afb2576c10014824cfa6bfbb620bc8afdfe5c1c34dca9fd199bea10e34"", ""a9b174c3ddf3cfd168e66a0b0ddd60be0d3131cee6635da87e3469bf2b96a120""]"
8c3cf6752d975976b8dc,Cell-free INT4 projections + INT8 tables + physical FFN16 deletion,allenai/OLMo-2-0325-32B-Instruct,"Curated: Current original H100 BF16/eager teacher: GSM948/1024, MC5292/6144. Same frozen full-development cohort after adaptive prefix selection.",curated,Quantization / pruning / deletion,All five full development gates pass,[],"[{""axis"": ""whole_registered_bytes"", ""label"": ""Whole-model registered bytes"", ""value"": 16908925184, ""unit"": ""bytes""}]","[{""benchmark"": ""GSM correct / 1024"", ""value"": 924, ""unit"": ""items""}, {""benchmark"": ""MC correct / 6144"", ""value"": 5263, ""unit"": ""items""}]",panel_0,olmo32b_compact_int4_int8_tables_delete16__gsm,"[""795690afb2576c10014824cfa6bfbb620bc8afdfe5c1c34dca9fd199bea10e34"", ""8d029180c862277bc3757205159bb4771130d37f1f59a8acb572e747e3e6a32e""]"
713b4e75035c48c194dc,INT4 + INT8 tables + delete FFN16,allenai/OLMo-2-0325-32B-Instruct,"Curated: Current original H100 BF16/eager teacher: GSM948/1024, MC5292/6144. Same frozen full-development cohort after adaptive prefix selection.",curated,Quantization / pruning / deletion,All five development gates pass,[],"[{""axis"": ""whole_registered_bytes"", ""label"": ""Whole-model registered bytes"", ""value"": 16908925184, ""unit"": ""bytes""}]","[{""benchmark"": ""boolq accuracy / 1024"", ""value"": 0.8740234375, ""unit"": ""fraction""}, {""benchmark"": ""piqa accuracy / 1024"", ""value"": 0.84375, ""unit"": ""fraction""}, {""benchmark"": ""hellaswag accuracy / 1024"", ""value"": 0.8798828125, ""unit"": ""fraction""}, {""benchmark"": ""arc_easy accuracy / 1024"", ""value"": 0.8974609375, ""unit"": ""fraction""}, {""benchmark"": ""arc_challenge accuracy / 1024"", ""value"": 0.740234375, ""unit"": ""fraction""}, {""benchmark"": ""winogrande accuracy / 1024"", ""value"": 0.904296875, ""unit"": ""fraction""}, {""benchmark"": ""C4 NLL"", ""value"": 2.4921110926570917, ""unit"": ""nats/token""}, {""benchmark"": ""Copy512 perplexity ratio"", ""value"": 1.095213014190012, ""unit"": ""ratio""}, {""benchmark"": ""Copy2048 perplexity ratio"", ""value"": 1.0832081572952357, ""unit"": ""ratio""}]",panel_7,olmo32b_compact_int4_int8_tables_delete16__boolq accuracy / 1024,"[""8d029180c862277bc3757205159bb4771130d37f1f59a8acb572e747e3e6a32e""]"
2fee6196f1fce75aa38a,INT4 + INT8 tables + delete FFN16_17,allenai/OLMo-2-0325-32B-Instruct,"Curated: Current original H100 BF16/eager teacher: GSM948/1024, MC5292/6144. Same frozen full-development cohort after adaptive prefix selection.",curated,Quantization / pruning / deletion,Fails full development gates,[],"[{""axis"": ""whole_registered_bytes"", ""label"": ""Whole-model registered bytes"", ""value"": 16689867008, ""unit"": ""bytes""}]","[{""benchmark"": ""GSM correct / 1024"", ""value"": 908, ""unit"": ""items""}, {""benchmark"": ""MC correct / 6144"", ""value"": 5262, ""unit"": ""items""}, {""benchmark"": ""boolq accuracy / 1024"", ""value"": 0.8701171875, ""unit"": ""fraction""}, {""benchmark"": ""piqa accuracy / 1024"", ""value"": 0.8359375, ""unit"": ""fraction""}, {""benchmark"": ""hellaswag accuracy / 1024"", ""value"": 0.8837890625, ""unit"": ""fraction""}, {""benchmark"": ""arc_easy accuracy / 1024"", ""value"": 0.8974609375, ""unit"": ""fraction""}, {""benchmark"": ""arc_challenge accuracy / 1024"", ""value"": 0.7421875, ""unit"": ""fraction""}, {""benchmark"": ""winogrande accuracy / 1024"", ""value"": 0.9091796875, ""unit"": ""fraction""}, {""benchmark"": ""C4 NLL"", ""value"": 2.5014181042057055, ""unit"": ""nats/token""}, {""benchmark"": ""Copy512 perplexity ratio"", ""value"": 1.1182118006436008, ""unit"": ""ratio""}, {""benchmark"": ""Copy2048 perplexity ratio"", ""value"": 1.092893822199062, ""unit"": ""ratio""}]",panel_0,olmo32b_compact_int4_int8_tables_delete16_17__GSM correct / 1024,"[""8958943c051dd1bcfb6063ab7e0d5d9d2e9a16baa4f52d3d44e524fe4b48dd0c""]"
75d3a04423dbc90661c3,INT4 + INT8 tables + delete FFN17,allenai/OLMo-2-0325-32B-Instruct,"Curated: Current original H100 BF16/eager teacher: GSM948/1024, MC5292/6144. Same frozen full-development cohort after adaptive prefix selection.",curated,Quantization / pruning / deletion,All five development gates pass,[],"[{""axis"": ""whole_registered_bytes"", ""label"": ""Whole-model registered bytes"", ""value"": 16908925184, ""unit"": ""bytes""}]","[{""benchmark"": ""GSM correct / 1024"", ""value"": 920, ""unit"": ""items""}, {""benchmark"": ""MC correct / 6144"", ""value"": 5258, ""unit"": ""items""}, {""benchmark"": ""boolq accuracy / 1024"", ""value"": 0.8720703125, ""unit"": ""fraction""}, {""benchmark"": ""piqa accuracy / 1024"", ""value"": 0.8369140625, ""unit"": ""fraction""}, {""benchmark"": ""hellaswag accuracy / 1024"", ""value"": 0.884765625, ""unit"": ""fraction""}, {""benchmark"": ""arc_easy accuracy / 1024"", ""value"": 0.8955078125, ""unit"": ""fraction""}, {""benchmark"": ""arc_challenge accuracy / 1024"", ""value"": 0.740234375, ""unit"": ""fraction""}, {""benchmark"": ""winogrande accuracy / 1024"", ""value"": 0.9052734375, ""unit"": ""fraction""}, {""benchmark"": ""C4 NLL"", ""value"": 2.4928492744400343, ""unit"": ""nats/token""}, {""benchmark"": ""Copy512 perplexity ratio"", ""value"": 1.1062291869135812, ""unit"": ""ratio""}, {""benchmark"": ""Copy2048 perplexity ratio"", ""value"": 1.080803001035902, ""unit"": ""ratio""}]",panel_0,olmo32b_compact_int4_int8_tables_delete17__GSM correct / 1024,"[""3a86ddd838380803e0c79e8eca1874be496130a28f13e083220e6f5ee437ebdf""]"
8acfafe6118bdbab066b,Learned layer16 Q — passing dendritic reference,allenai/OLMo-2-0325-32B-Instruct,"Curated: Current original H100 BF16/eager teacher: GSM948/1024, MC5292/6144. Same frozen full-development cohort after adaptive prefix selection.",curated,Dendritic replacement,All five full development gates pass,[],"[{""axis"": ""whole_registered_bytes"", ""label"": ""Whole-model registered bytes"", ""value"": 64430463510, ""unit"": ""bytes""}]","[{""benchmark"": ""GSM correct / 1024"", ""value"": 953, ""unit"": ""items""}, {""benchmark"": ""MC correct / 6144"", ""value"": 5291, ""unit"": ""items""}]",panel_0,olmo32b_q222_quantile__gsm,"[""045dfe7529b40f731ef368506ddf8782372add345d1259b3f5e4eef40cc33e76"", ""42776036743e89212c871f7830e66a462b9f93ca25be8f9187400ceef8093498"", ""795690afb2576c10014824cfa6bfbb620bc8afdfe5c1c34dca9fd199bea10e34"", ""7c8c6911ddaa01efd85e5ced4362105650432c586615ab65e8015f1e0cf828c7""]"
25e0feeafee110878023,Native FFNs16/17 + compact INT4 projections + INT8 tables — passing3.814x,allenai/OLMo-2-0325-32B-Instruct,"Curated: Current original H100 BF16/eager teacher: GSM948/1024, MC5292/6144. Same frozen full-development cohort after adaptive prefix selection.",curated,Dendritic + quantization,All five fresh full development gates pass,[],"[{""axis"": ""whole_registered_bytes"", ""label"": ""Whole-model registered bytes"", ""value"": 16902199106, ""unit"": ""bytes""}]","[{""benchmark"": ""GSM correct / 1024"", ""value"": 916, ""unit"": ""items""}, {""benchmark"": ""MC correct / 6144"", ""value"": 5260, ""unit"": ""items""}]",panel_0,olmo32b_two_ffn16_17_joint256_compact_int8_tables__gsm,"[""02ca6a9b1c73d3924d35cd78a159f8bf3509d067a94140821b136bf3955a09bc"", ""0ed873045cba21a4c97ea644a3260f8e00671c31010494b7c5603f3cedf39a39"", ""24e93624b8f9ed580b48975bf4366117789c7503c97b397a2d34236baa6dbe56"", ""282d56a923db31f561a0b72966e499eda2edaa89ade3dcebe2740dea8b410f3b"", ""311a61bf17c3ce49487c4c9119987042fdecc7381a3755c75738ecf35134175c"", ""429f200f9901ef865c5810cb9d999d3c263f2f2c128897c6840b4e134b7f9d4f"", ""4a75efaa2bd0386b45bb086def23898ee4a333c580596209d8d75732b5de01e9"", ""4e790199984f74ed158cf6961413a24f849d59847052bf23cf42b7fe2b5251a7"", ""77f4481bbff2e6d777e7ac02d78be5e88736c7c85d712494ea862ce3f3209024"", ""790acf1f33da95e6f7a669a9e9de54471e4c53d44bfc9fdadc90757a3815bbaf"", ""795690afb2576c10014824cfa6bfbb620bc8afdfe5c1c34dca9fd199bea10e34"", ""7a5d15ad06e60dbaa559c80e9cd78a5643039e4fb43db665b91fdc78a67739a8"", ""7d3b7cfafdc6f96be159411bbaea1188f67db54ac2a23cdf7d5a33c7770a0325"", ""8ecffc359ec360dffe3a6de0d2b8f2bbe61b56263a6a1348c1e042669d50c41d"", ""c8f37c46a1d6620a4002f76369b7e8969a2a2b27572d117e27f8d667a8b9f10b"", ""cfd0be85927cff2909549e5ffdeab1e794544a1914546f91e8b75fccb3521aaf"", ""d13320c8451f41fd4f427cb17964fa734fb878a986e98e16822ceed3db51d2a9"", ""f1f5e0b860773d66fa318567b34f0d6c9394fc23fa8ca419a6887346b3e74e1d"", ""fa58411a89116973132ca9fb135c6537c253d3d8e8efc30cb1e953d8dfaa30ae""]"
d2d53217cbc0f166a8cb,Native I100M INT8 + delete FFN17,allenai/OLMo-2-0325-32B-Instruct,"Curated: Current original H100 BF16/eager teacher: GSM948/1024, MC5292/6144. Same frozen full-development cohort after adaptive prefix selection.",curated,Dendritic + quantization,Fails full development gates,"[""gsm""]","[{""axis"": ""whole_registered_bytes"", ""label"": ""Whole-model registered bytes"", ""value"": 16920754244, ""unit"": ""bytes""}]","[{""benchmark"": ""GSM correct / 1024"", ""value"": 910, ""unit"": ""items""}, {""benchmark"": ""MC correct / 6144"", ""value"": 5262, ""unit"": ""items""}, {""benchmark"": ""boolq accuracy / 1024"", ""value"": 0.873046875, ""unit"": ""fraction""}, {""benchmark"": ""piqa accuracy / 1024"", ""value"": 0.841796875, ""unit"": ""fraction""}, {""benchmark"": ""hellaswag accuracy / 1024"", ""value"": 0.880859375, ""unit"": ""fraction""}, {""benchmark"": ""arc_easy accuracy / 1024"", ""value"": 0.8984375, ""unit"": ""fraction""}, {""benchmark"": ""arc_challenge accuracy / 1024"", ""value"": 0.73828125, ""unit"": ""fraction""}, {""benchmark"": ""winogrande accuracy / 1024"", ""value"": 0.90625, ""unit"": ""fraction""}, {""benchmark"": ""C4 NLL"", ""value"": 2.4956144205505297, ""unit"": ""nats/token""}, {""benchmark"": ""Copy512 perplexity ratio"", ""value"": 1.1079326142799808, ""unit"": ""ratio""}, {""benchmark"": ""Copy2048 perplexity ratio"", ""value"": 1.08158894558257, ""unit"": ""ratio""}, {""benchmark"": ""Answered and stopped / 1024"", ""value"": 1014, ""unit"": ""items""}, {""benchmark"": ""Correctly answered and stopped / 1024"", ""value"": 902, ""unit"": ""items""}]",panel_0,native_wave_warm_I100M_recovered_int8_delete17__GSM correct / 1024,"[""a2585b3147a933e4fe1b36b465cbf73324d094b7ce5b1db755a27e7e5c74e662"", ""f38c6b2453ce0029075dbdac9ef436ea772c5591a4ac93fbe02c419d30390f0b""]"
a2caf6cea8645cef5906,delete16 17,allenai/OLMo-2-0325-32B-Instruct,"Curated: Current original H100 BF16/eager teacher: GSM948/1024, MC5292/6144. Same frozen full-development cohort after adaptive prefix selection.",curated,Quantization / deletion control,Fails full development gates,"[""gsm""]","[{""axis"": ""whole_registered_bytes"", ""label"": ""Whole-model registered bytes"", ""value"": 16689867008, ""unit"": ""bytes""}]","[{""benchmark"": ""GSM correct / 1024"", ""value"": 908, ""unit"": ""items""}, {""benchmark"": ""MC correct / 6144"", ""value"": 5262, ""unit"": ""items""}, {""benchmark"": ""boolq accuracy / 1024"", ""value"": 0.8701171875, ""unit"": ""fraction""}, {""benchmark"": ""piqa accuracy / 1024"", ""value"": 0.8359375, ""unit"": ""fraction""}, {""benchmark"": ""hellaswag accuracy / 1024"", ""value"": 0.8837890625, ""unit"": ""fraction""}, {""benchmark"": ""arc_easy accuracy / 1024"", ""value"": 0.8974609375, ""unit"": ""fraction""}, {""benchmark"": ""arc_challenge accuracy / 1024"", ""value"": 0.7421875, ""unit"": ""fraction""}, {""benchmark"": ""winogrande accuracy / 1024"", ""value"": 0.9091796875, ""unit"": ""fraction""}, {""benchmark"": ""C4 NLL"", ""value"": 2.5014181042057055, ""unit"": ""nats/token""}, {""benchmark"": ""Copy512 perplexity ratio"", ""value"": 1.1182118006436008, ""unit"": ""ratio""}, {""benchmark"": ""Copy2048 perplexity ratio"", ""value"": 1.092893822199062, ""unit"": ""ratio""}, {""benchmark"": ""Answered and stopped / 1024"", ""value"": 1018, ""unit"": ""items""}, {""benchmark"": ""Correctly answered and stopped / 1024"", ""value"": 905, ""unit"": ""items""}]",panel_0,native_wave_delete16_17__GSM correct / 1024,"[""f31978c2420a40be97fe870faefc2f4fea236b9e645da86cfde7afb1a1d731e6"", ""f7f2a800af37a33ba5c51211ac89aed09e37928eddb46fe56b3d5b2ac67b16f8""]"
5d44b5367ff709cee9ea,delete16 48,allenai/OLMo-2-0325-32B-Instruct,"Curated: Current original H100 BF16/eager teacher: GSM948/1024, MC5292/6144. Same frozen full-development cohort after adaptive prefix selection.",curated,Quantization / deletion control,Fails full development gates,"[""gsm""]","[{""axis"": ""whole_registered_bytes"", ""label"": ""Whole-model registered bytes"", ""value"": 16689867008, ""unit"": ""bytes""}]","[{""benchmark"": ""GSM correct / 1024"", ""value"": 881, ""unit"": ""items""}, {""benchmark"": ""MC correct / 6144"", ""value"": 5210, ""unit"": ""items""}, {""benchmark"": ""boolq accuracy / 1024"", ""value"": 0.873046875, ""unit"": ""fraction""}, {""benchmark"": ""piqa accuracy / 1024"", ""value"": 0.8251953125, ""unit"": ""fraction""}, {""benchmark"": ""hellaswag accuracy / 1024"", ""value"": 0.8779296875, ""unit"": ""fraction""}, {""benchmark"": ""arc_easy accuracy / 1024"", ""value"": 0.890625, ""unit"": ""fraction""}, {""benchmark"": ""arc_challenge accuracy / 1024"", ""value"": 0.720703125, ""unit"": ""fraction""}, {""benchmark"": ""winogrande accuracy / 1024"", ""value"": 0.900390625, ""unit"": ""fraction""}, {""benchmark"": ""C4 NLL"", ""value"": 2.529796823050698, ""unit"": ""nats/token""}, {""benchmark"": ""Copy512 perplexity ratio"", ""value"": 1.1672279596778374, ""unit"": ""ratio""}, {""benchmark"": ""Copy2048 perplexity ratio"", ""value"": 1.1962960108560616, ""unit"": ""ratio""}, {""benchmark"": ""Answered and stopped / 1024"", ""value"": 1015, ""unit"": ""items""}, {""benchmark"": ""Correctly answered and stopped / 1024"", ""value"": 878, ""unit"": ""items""}]",panel_0,native_wave_delete16_48__GSM correct / 1024,"[""05c844d7f9ade04a2321799777599e007de326521e0c056ed91a82511b2eb430"", ""34db197849f04eee571a1ff5e29e671d1e874d695a2a58e91718efe5e1345ff8""]"
a2cd3266c34997e70121,pair16 48 neurons12p5 int4,allenai/OLMo-2-0325-32B-Instruct,"Curated: Current original H100 BF16/eager teacher: GSM948/1024, MC5292/6144. Same frozen full-development cohort after adaptive prefix selection.",curated,Dendritic + quantization,Fails full development gates,"[""gsm""]","[{""axis"": ""whole_registered_bytes"", ""label"": ""Whole-model registered bytes"", ""value"": 16891669364, ""unit"": ""bytes""}]","[{""benchmark"": ""GSM correct / 1024"", ""value"": 883, ""unit"": ""items""}, {""benchmark"": ""MC correct / 6144"", ""value"": 5227, ""unit"": ""items""}, {""benchmark"": ""boolq accuracy / 1024"", ""value"": 0.8662109375, ""unit"": ""fraction""}, {""benchmark"": ""piqa accuracy / 1024"", ""value"": 0.830078125, ""unit"": ""fraction""}, {""benchmark"": ""hellaswag accuracy / 1024"", ""value"": 0.8828125, ""unit"": ""fraction""}, {""benchmark"": ""arc_easy accuracy / 1024"", ""value"": 0.8935546875, ""unit"": ""fraction""}, {""benchmark"": ""arc_challenge accuracy / 1024"", ""value"": 0.7275390625, ""unit"": ""fraction""}, {""benchmark"": ""winogrande accuracy / 1024"", ""value"": 0.904296875, ""unit"": ""fraction""}, {""benchmark"": ""C4 NLL"", ""value"": 2.50506640613785, ""unit"": ""nats/token""}, {""benchmark"": ""Copy512 perplexity ratio"", ""value"": 1.1122863988049265, ""unit"": ""ratio""}, {""benchmark"": ""Copy2048 perplexity ratio"", ""value"": 1.1110761226386199, ""unit"": ""ratio""}, {""benchmark"": ""Answered and stopped / 1024"", ""value"": 1015, ""unit"": ""items""}, {""benchmark"": ""Correctly answered and stopped / 1024"", ""value"": 878, ""unit"": ""items""}]",panel_0,native_wave_pair16_48_neurons12p5_int4__GSM correct / 1024,"[""3006bc4209273b017c1969f83cf8edeeee8f2a7d6483e349a104dcf4ac38578c"", ""86e5ad39739b752a73b75e2d7f7def8ac91bae040d043627abc793dfe90ba4fd""]"
3813d4a6cf7b2f8dc9d0,pair16 48 neurons12p5 int8,allenai/OLMo-2-0325-32B-Instruct,"Curated: Current original H100 BF16/eager teacher: GSM948/1024, MC5292/6144. Same frozen full-development cohort after adaptive prefix selection.",curated,Dendritic + quantization,Fails full development gates,"[""gsm""]","[{""axis"": ""whole_registered_bytes"", ""label"": ""Whole-model registered bytes"", ""value"": 16944747984, ""unit"": ""bytes""}]","[{""benchmark"": ""GSM correct / 1024"", ""value"": 883, ""unit"": ""items""}, {""benchmark"": ""MC correct / 6144"", ""value"": 5232, ""unit"": ""items""}, {""benchmark"": ""boolq accuracy / 1024"", ""value"": 0.869140625, ""unit"": ""fraction""}, {""benchmark"": ""piqa accuracy / 1024"", ""value"": 0.8310546875, ""unit"": ""fraction""}, {""benchmark"": ""hellaswag accuracy / 1024"", ""value"": 0.8818359375, ""unit"": ""fraction""}, {""benchmark"": ""arc_easy accuracy / 1024"", ""value"": 0.89453125, ""unit"": ""fraction""}, {""benchmark"": ""arc_challenge accuracy / 1024"", ""value"": 0.7255859375, ""unit"": ""fraction""}, {""benchmark"": ""winogrande accuracy / 1024"", ""value"": 0.9072265625, ""unit"": ""fraction""}, {""benchmark"": ""C4 NLL"", ""value"": 2.504199251796332, ""unit"": ""nats/token""}, {""benchmark"": ""Copy512 perplexity ratio"", ""value"": 1.1065540682132728, ""unit"": ""ratio""}, {""benchmark"": ""Copy2048 perplexity ratio"", ""value"": 1.1052801801414718, ""unit"": ""ratio""}, {""benchmark"": ""Answered and stopped / 1024"", ""value"": 1017, ""unit"": ""items""}, {""benchmark"": ""Correctly answered and stopped / 1024"", ""value"": 880, ""unit"": ""items""}]",panel_0,native_wave_pair16_48_neurons12p5_int8__GSM correct / 1024,"[""893c2b021e616721416daaf8533bfa3531a44a3f30a94fe7cb55711b95a24165"", ""b00a0d4b9ee0c61447a11d2d7f2f28423f5426bed38225d483665b6dec17755f""]"
3f4c8c6a70e537844590,pair16 48 neurons25 int4,allenai/OLMo-2-0325-32B-Instruct,"Curated: Current original H100 BF16/eager teacher: GSM948/1024, MC5292/6144. Same frozen full-development cohort after adaptive prefix selection.",curated,Dendritic + quantization,Fails full development gates,"[""gsm""]","[{""axis"": ""whole_registered_bytes"", ""label"": ""Whole-model registered bytes"", ""value"": 17049569768, ""unit"": ""bytes""}]","[{""benchmark"": ""GSM correct / 1024"", ""value"": 898, ""unit"": ""items""}, {""benchmark"": ""MC correct / 6144"", ""value"": 5227, ""unit"": ""items""}, {""benchmark"": ""boolq accuracy / 1024"", ""value"": 0.8681640625, ""unit"": ""fraction""}, {""benchmark"": ""piqa accuracy / 1024"", ""value"": 0.8310546875, ""unit"": ""fraction""}, {""benchmark"": ""hellaswag accuracy / 1024"", ""value"": 0.8828125, ""unit"": ""fraction""}, {""benchmark"": ""arc_easy accuracy / 1024"", ""value"": 0.8916015625, ""unit"": ""fraction""}, {""benchmark"": ""arc_challenge accuracy / 1024"", ""value"": 0.7314453125, ""unit"": ""fraction""}, {""benchmark"": ""winogrande accuracy / 1024"", ""value"": 0.8994140625, ""unit"": ""fraction""}, {""benchmark"": ""C4 NLL"", ""value"": 2.504234361511225, ""unit"": ""nats/token""}, {""benchmark"": ""Copy512 perplexity ratio"", ""value"": 1.077413931223216, ""unit"": ""ratio""}, {""benchmark"": ""Copy2048 perplexity ratio"", ""value"": 1.0777821810177592, ""unit"": ""ratio""}, {""benchmark"": ""Answered and stopped / 1024"", ""value"": 1012, ""unit"": ""items""}, {""benchmark"": ""Correctly answered and stopped / 1024"", ""value"": 889, ""unit"": ""items""}]",panel_0,native_wave_pair16_48_neurons25_int4__GSM correct / 1024,"[""7a09b02c10aa4b3ee6ee861f1d16bcdd1f96c1d69d695f301b895c62e770f023"", ""ca551d7260699b689f47d78d9440b6a47adfaa3142d6b41b931c48dd61089806""]"
559279566c7e469da7ad,pair16 48 neurons25 int8,allenai/OLMo-2-0325-32B-Instruct,"Curated: Current original H100 BF16/eager teacher: GSM948/1024, MC5292/6144. Same frozen full-development cohort after adaptive prefix selection.",curated,Dendritic + quantization,Fails full development gates,"[""gsm""]","[{""axis"": ""whole_registered_bytes"", ""label"": ""Whole-model registered bytes"", ""value"": 17155732792, ""unit"": ""bytes""}]","[{""benchmark"": ""GSM correct / 1024"", ""value"": 891, ""unit"": ""items""}, {""benchmark"": ""MC correct / 6144"", ""value"": 5225, ""unit"": ""items""}, {""benchmark"": ""boolq accuracy / 1024"", ""value"": 0.8671875, ""unit"": ""fraction""}, {""benchmark"": ""piqa accuracy / 1024"", ""value"": 0.830078125, ""unit"": ""fraction""}, {""benchmark"": ""hellaswag accuracy / 1024"", ""value"": 0.8828125, ""unit"": ""fraction""}, {""benchmark"": ""arc_easy accuracy / 1024"", ""value"": 0.892578125, ""unit"": ""fraction""}, {""benchmark"": ""arc_challenge accuracy / 1024"", ""value"": 0.728515625, ""unit"": ""fraction""}, {""benchmark"": ""winogrande accuracy / 1024"", ""value"": 0.9013671875, ""unit"": ""fraction""}, {""benchmark"": ""C4 NLL"", ""value"": 2.504194191559968, ""unit"": ""nats/token""}, {""benchmark"": ""Copy512 perplexity ratio"", ""value"": 1.0905876464305022, ""unit"": ""ratio""}, {""benchmark"": ""Copy2048 perplexity ratio"", ""value"": 1.0926969903105443, ""unit"": ""ratio""}, {""benchmark"": ""Answered and stopped / 1024"", ""value"": 1013, ""unit"": ""items""}, {""benchmark"": ""Correctly answered and stopped / 1024"", ""value"": 884, ""unit"": ""items""}]",panel_0,native_wave_pair16_48_neurons25_int8__GSM correct / 1024,"[""1759c955ab54624fae22c9d16ed52b2828fae31cc6f374f8b041fe45d83aac40"", ""c9ac6945d15446927e76aa413c99e86f9b6a342eba8487cb60f7b964e1a31968""]"
7ad8a4e02fa8e1f0fe9b,warm I100M recovered bf16 delete17,allenai/OLMo-2-0325-32B-Instruct,"Curated: Current original H100 BF16/eager teacher: GSM948/1024, MC5292/6144. Same frozen full-development cohort after adaptive prefix selection.",curated,Dendritic + quantization,All five development gates pass,[],"[{""axis"": ""whole_registered_bytes"", ""label"": ""Whole-model registered bytes"", ""value"": 17020954764, ""unit"": ""bytes""}]","[{""benchmark"": ""GSM correct / 1024"", ""value"": 913, ""unit"": ""items""}, {""benchmark"": ""MC correct / 6144"", ""value"": 5262, ""unit"": ""items""}, {""benchmark"": ""boolq accuracy / 1024"", ""value"": 0.8720703125, ""unit"": ""fraction""}, {""benchmark"": ""piqa accuracy / 1024"", ""value"": 0.841796875, ""unit"": ""fraction""}, {""benchmark"": ""hellaswag accuracy / 1024"", ""value"": 0.880859375, ""unit"": ""fraction""}, {""benchmark"": ""arc_easy accuracy / 1024"", ""value"": 0.8994140625, ""unit"": ""fraction""}, {""benchmark"": ""arc_challenge accuracy / 1024"", ""value"": 0.73828125, ""unit"": ""fraction""}, {""benchmark"": ""winogrande accuracy / 1024"", ""value"": 0.90625, ""unit"": ""fraction""}, {""benchmark"": ""C4 NLL"", ""value"": 2.4957652891365245, ""unit"": ""nats/token""}, {""benchmark"": ""Copy512 perplexity ratio"", ""value"": 1.1092440136236232, ""unit"": ""ratio""}, {""benchmark"": ""Copy2048 perplexity ratio"", ""value"": 1.0819663127882917, ""unit"": ""ratio""}, {""benchmark"": ""Answered and stopped / 1024"", ""value"": 1009, ""unit"": ""items""}, {""benchmark"": ""Correctly answered and stopped / 1024"", ""value"": 904, ""unit"": ""items""}]",panel_0,native_wave_warm_I100M_recovered_bf16_delete17__GSM correct / 1024,"[""4a580407e714989a5252323806487569d97543986dbc48851ee5a3b97ec040e3"", ""947a40a8c2a59476f204604910b45a34265cf60aac326cfda8ba852a93aef8f5""]"
7cbe3fdabe091d0ae9dd,warm I100M recovered int4 delete17,allenai/OLMo-2-0325-32B-Instruct,"Curated: Current original H100 BF16/eager teacher: GSM948/1024, MC5292/6144. Same frozen full-development cohort after adaptive prefix selection.",curated,Dendritic + quantization,Fails full development gates,"[""gsm""]","[{""axis"": ""whole_registered_bytes"", ""label"": ""Whole-model registered bytes"", ""value"": 16867674024, ""unit"": ""bytes""}]","[{""benchmark"": ""GSM correct / 1024"", ""value"": 911, ""unit"": ""items""}, {""benchmark"": ""MC correct / 6144"", ""value"": 5260, ""unit"": ""items""}, {""benchmark"": ""boolq accuracy / 1024"", ""value"": 0.8701171875, ""unit"": ""fraction""}, {""benchmark"": ""piqa accuracy / 1024"", ""value"": 0.841796875, ""unit"": ""fraction""}, {""benchmark"": ""hellaswag accuracy / 1024"", ""value"": 0.8798828125, ""unit"": ""fraction""}, {""benchmark"": ""arc_easy accuracy / 1024"", ""value"": 0.8984375, ""unit"": ""fraction""}, {""benchmark"": ""arc_challenge accuracy / 1024"", ""value"": 0.740234375, ""unit"": ""fraction""}, {""benchmark"": ""winogrande accuracy / 1024"", ""value"": 0.90625, ""unit"": ""fraction""}, {""benchmark"": ""C4 NLL"", ""value"": 2.495897649640983, ""unit"": ""nats/token""}, {""benchmark"": ""Copy512 perplexity ratio"", ""value"": 1.1094574713782483, ""unit"": ""ratio""}, {""benchmark"": ""Copy2048 perplexity ratio"", ""value"": 1.0842423038998426, ""unit"": ""ratio""}, {""benchmark"": ""Answered and stopped / 1024"", ""value"": 1015, ""unit"": ""items""}, {""benchmark"": ""Correctly answered and stopped / 1024"", ""value"": 906, ""unit"": ""items""}]",panel_0,native_wave_warm_I100M_recovered_int4_delete17__GSM correct / 1024,"[""10fd6a9354f87a284af03478a352b8290f9786b7a7f048576bafcfe1dcc252aa"", ""cbac0e710659a8e764b81057e216d93fbd097da270b693d010c42be6e85cf73c""]"
09c27cd0369764b00c4a,warm I10M fit bf16 delete17,allenai/OLMo-2-0325-32B-Instruct,"Curated: Current original H100 BF16/eager teacher: GSM948/1024, MC5292/6144. Same frozen full-development cohort after adaptive prefix selection.",curated,Dendritic + quantization,Fails full development gates,"[""gsm""]","[{""axis"": ""whole_registered_bytes"", ""label"": ""Whole-model registered bytes"", ""value"": 17020954764, ""unit"": ""bytes""}]","[{""benchmark"": ""GSM correct / 1024"", ""value"": 901, ""unit"": ""items""}, {""benchmark"": ""MC correct / 6144"", ""value"": 5262, ""unit"": ""items""}, {""benchmark"": ""boolq accuracy / 1024"", ""value"": 0.873046875, ""unit"": ""fraction""}, {""benchmark"": ""piqa accuracy / 1024"", ""value"": 0.837890625, ""unit"": ""fraction""}, {""benchmark"": ""hellaswag accuracy / 1024"", ""value"": 0.8818359375, ""unit"": ""fraction""}, {""benchmark"": ""arc_easy accuracy / 1024"", ""value"": 0.8984375, ""unit"": ""fraction""}, {""benchmark"": ""arc_challenge accuracy / 1024"", ""value"": 0.73828125, ""unit"": ""fraction""}, {""benchmark"": ""winogrande accuracy / 1024"", ""value"": 0.9091796875, ""unit"": ""fraction""}, {""benchmark"": ""C4 NLL"", ""value"": 2.4975716888212305, ""unit"": ""nats/token""}, {""benchmark"": ""Copy512 perplexity ratio"", ""value"": 1.10624122243215, ""unit"": ""ratio""}, {""benchmark"": ""Copy2048 perplexity ratio"", ""value"": 1.080050481004065, ""unit"": ""ratio""}, {""benchmark"": ""Answered and stopped / 1024"", ""value"": 1016, ""unit"": ""items""}, {""benchmark"": ""Correctly answered and stopped / 1024"", ""value"": 896, ""unit"": ""items""}]",panel_0,native_wave_warm_I10M_fit_bf16_delete17__GSM correct / 1024,"[""3e9d17c4fe15a46db1c5c0befc0b66f3055fa6b7bd2fe2796d31eff752c6a126"", ""ebe5759066adb5d20fe3dd52a6be65f091690db8f6a548764f91b84b1c3afd9f""]"
352be2530d1eeb14edc1,warm I10M recovered bf16 delete17,allenai/OLMo-2-0325-32B-Instruct,"Curated: Current original H100 BF16/eager teacher: GSM948/1024, MC5292/6144. Same frozen full-development cohort after adaptive prefix selection.",curated,Dendritic + quantization,Fails full development gates,"[""gsm""]","[{""axis"": ""whole_registered_bytes"", ""label"": ""Whole-model registered bytes"", ""value"": 17020954764, ""unit"": ""bytes""}]","[{""benchmark"": ""GSM correct / 1024"", ""value"": 907, ""unit"": ""items""}, {""benchmark"": ""MC correct / 6144"", ""value"": 5262, ""unit"": ""items""}, {""benchmark"": ""boolq accuracy / 1024"", ""value"": 0.873046875, ""unit"": ""fraction""}, {""benchmark"": ""piqa accuracy / 1024"", ""value"": 0.8408203125, ""unit"": ""fraction""}, {""benchmark"": ""hellaswag accuracy / 1024"", ""value"": 0.880859375, ""unit"": ""fraction""}, {""benchmark"": ""arc_easy accuracy / 1024"", ""value"": 0.8984375, ""unit"": ""fraction""}, {""benchmark"": ""arc_challenge accuracy / 1024"", ""value"": 0.73828125, ""unit"": ""fraction""}, {""benchmark"": ""winogrande accuracy / 1024"", ""value"": 0.9072265625, ""unit"": ""fraction""}, {""benchmark"": ""C4 NLL"", ""value"": 2.4960324432988017, ""unit"": ""nats/token""}, {""benchmark"": ""Copy512 perplexity ratio"", ""value"": 1.109838963844169, ""unit"": ""ratio""}, {""benchmark"": ""Copy2048 perplexity ratio"", ""value"": 1.0873582643859112, ""unit"": ""ratio""}, {""benchmark"": ""Answered and stopped / 1024"", ""value"": 1015, ""unit"": ""items""}, {""benchmark"": ""Correctly answered and stopped / 1024"", ""value"": 902, ""unit"": ""items""}]",panel_0,native_wave_warm_I10M_recovered_bf16_delete17__GSM correct / 1024,"[""68db01a35f92e9697b113c28bd18c0817a0581bb9fce776969c2ae46a27386d5"", ""c5f7eee12427112377a9ca6b42dc202fb807f5ae698d698ce603e8aedc9ee7c1""]"
a0bd79c828f37348c2f9,warm noI10M recovered int8 delete17,allenai/OLMo-2-0325-32B-Instruct,"Curated: Current original H100 BF16/eager teacher: GSM948/1024, MC5292/6144. Same frozen full-development cohort after adaptive prefix selection.",curated,Dendritic + quantization,Fails full development gates,"[""gsm""]","[{""axis"": ""whole_registered_bytes"", ""label"": ""Whole-model registered bytes"", ""value"": 16871062646, ""unit"": ""bytes""}]","[{""benchmark"": ""GSM correct / 1024"", ""value"": 906, ""unit"": ""items""}, {""benchmark"": ""MC correct / 6144"", ""value"": 5261, ""unit"": ""items""}, {""benchmark"": ""boolq accuracy / 1024"", ""value"": 0.8720703125, ""unit"": ""fraction""}, {""benchmark"": ""piqa accuracy / 1024"", ""value"": 0.83984375, ""unit"": ""fraction""}, {""benchmark"": ""hellaswag accuracy / 1024"", ""value"": 0.8818359375, ""unit"": ""fraction""}, {""benchmark"": ""arc_easy accuracy / 1024"", ""value"": 0.8994140625, ""unit"": ""fraction""}, {""benchmark"": ""arc_challenge accuracy / 1024"", ""value"": 0.736328125, ""unit"": ""fraction""}, {""benchmark"": ""winogrande accuracy / 1024"", ""value"": 0.908203125, ""unit"": ""fraction""}, {""benchmark"": ""C4 NLL"", ""value"": 2.4966155584996006, ""unit"": ""nats/token""}, {""benchmark"": ""Copy512 perplexity ratio"", ""value"": 1.1040141395452525, ""unit"": ""ratio""}, {""benchmark"": ""Copy2048 perplexity ratio"", ""value"": 1.0833015333127838, ""unit"": ""ratio""}, {""benchmark"": ""Answered and stopped / 1024"", ""value"": 1016, ""unit"": ""items""}, {""benchmark"": ""Correctly answered and stopped / 1024"", ""value"": 902, ""unit"": ""items""}]",panel_0,native_wave_warm_noI10M_recovered_int8_delete17__GSM correct / 1024,"[""82c0bb3f3bb667e73947edfd390bf407757edb363fdb8a2f1714cb3dfc87a714"", ""a6926f0ba7cf49b1778148059a3d70a06a604a43a5c1ac65c2b2b70014bd6899""]"
6d6a8e8ffbefa0391440,10M study · no_I__fresh,allenai/OLMo-2-0325-32B-Instruct,Local FFN16 post-norm; held SHA 32b2dd5be87377e601b170f4688e6b3c38588f2a6e959eda5b4db31606892192,local,Dendritic replacement,Local fidelity only; no capability gate,[],"[{""axis"": ""active_values"", ""label"": ""Replacement only: Replacement only: Active learned values"", ""value"": 106165560, ""unit"": ""parameters""}, {""axis"": ""value_bytes"", ""label"": ""Replacement only: Replacement only: Replacement value bytes"", ""value"": 424662240, ""unit"": ""bytes""}, {""axis"": ""replacement_state_bytes"", ""label"": ""Replacement only: Replacement only: Registered replacement tensor bytes"", ""value"": 846662961, ""unit"": ""bytes""}]","[{""benchmark"": ""Held centered reconstruction error"", ""value"": 0.6938386112873944, ""unit"": ""ratio""}, {""benchmark"": ""Held relative MSE"", ""value"": 0.680329625139123, ""unit"": ""ratio""}, {""benchmark"": ""Held token cosine"", ""value"": 0.5876238521595951, ""unit"": ""ratio""}]",panel_16,10M study · no_I__fresh__active_values__centered_relative_mse,"[""7472319bf8dd54efea03e48b819090bb7ad13665dd4270e54e3b9c312e3c2bf9"", ""7bc7c0631df340f99b19319cb479170f698d32f1a602755c34352a3743a3a2d1"", ""8c578b53eebfd48d7632626695803295c69fa4783620951f57639acf2e7c2b31"", ""a1dc7e99975f8676a2e9fabf2995ad3312f0e46de2582a5480e5c320746415b7"", ""a755b5d5d3ff558f7480c77bef579d8a64cfb692b2662ec8fc1c6f7ec2d57c66""]"
b521a074cd51bd8610e3,10M study · population_I__fresh,allenai/OLMo-2-0325-32B-Instruct,Local FFN16 post-norm; held SHA 32b2dd5be87377e601b170f4688e6b3c38588f2a6e959eda5b4db31606892192,local,Dendritic replacement,Local fidelity only; no capability gate,[],"[{""axis"": ""active_values"", ""label"": ""Replacement only: Replacement only: Active learned values"", ""value"": 106165560, ""unit"": ""parameters""}, {""axis"": ""value_bytes"", ""label"": ""Replacement only: Replacement only: Replacement value bytes"", ""value"": 424662240, ""unit"": ""bytes""}, {""axis"": ""replacement_state_bytes"", ""label"": ""Replacement only: Replacement only: Registered replacement tensor bytes"", ""value"": 846663043, ""unit"": ""bytes""}]","[{""benchmark"": ""Held centered reconstruction error"", ""value"": 0.660030524582775, ""unit"": ""ratio""}, {""benchmark"": ""Held relative MSE"", ""value"": 0.6472364972806157, ""unit"": ""ratio""}, {""benchmark"": ""Held token cosine"", ""value"": 0.6139964753529057, ""unit"": ""ratio""}]",panel_16,10M study · population_I__fresh__active_values__centered_relative_mse,"[""2f8e8f98b3d9c542f27b58327cc965c7fce47af39da78962a00bab9f27c6e198"", ""7bc7c0631df340f99b19319cb479170f698d32f1a602755c34352a3743a3a2d1"", ""8c578b53eebfd48d7632626695803295c69fa4783620951f57639acf2e7c2b31"", ""a7da66f8a7d122a9c0a180c0129a9e07cd07bc0e1ad207adfda97690adf0ad37"", ""bb8268d000762b2d27fe513262ac3d46b25f3e993543dc30e53b7a7a0e393b88""]"
838e32b3a3a2cfabb79b,1M study · no_I__fresh,allenai/OLMo-2-0325-32B-Instruct,Local FFN16 post-norm; held SHA 32b2dd5be87377e601b170f4688e6b3c38588f2a6e959eda5b4db31606892192,local,Dendritic replacement,Local fidelity only; no capability gate,[],"[{""axis"": ""active_values"", ""label"": ""Replacement only: Replacement only: Active learned values"", ""value"": 106165560, ""unit"": ""parameters""}, {""axis"": ""value_bytes"", ""label"": ""Replacement only: Replacement only: Replacement value bytes"", ""value"": 424662240, ""unit"": ""bytes""}, {""axis"": ""replacement_state_bytes"", ""label"": ""Replacement only: Replacement only: Registered replacement tensor bytes"", ""value"": 846662961, ""unit"": ""bytes""}]","[{""benchmark"": ""Held centered reconstruction error"", ""value"": 0.7940584134671037, ""unit"": ""ratio""}, {""benchmark"": ""Held relative MSE"", ""value"": 0.7802086374986694, ""unit"": ""ratio""}, {""benchmark"": ""Held token cosine"", ""value"": 0.49351537523034494, ""unit"": ""ratio""}]",panel_16,1M study · no_I__fresh__active_values__centered_relative_mse,"[""03376b6d755552d0089849158500c401c14022aef236f678a9687bde11178870"", ""0a5ec1e60c2cc53828e64654b30c8b58aeeba63b0c7937f452ed9cb5ecf09f2b"", ""6987fdbaff32812cda2c53a887d253a82497d06841579c48985fbe6b60834eec"", ""9488a1bad4c9321ac3bee71da5b4bf4dc07296016c09097825411c47b8187ee0"", ""b20541e8127f0a22e9e754c2d17d5f4f39f101f3db11f3038769ed3ccacfd636""]"
81ecbc4940e503453b17,1M study · no_I__historical_replay,allenai/OLMo-2-0325-32B-Instruct,Local FFN16 post-norm; held SHA 32b2dd5be87377e601b170f4688e6b3c38588f2a6e959eda5b4db31606892192,local,Dendritic replacement,Local fidelity only; no capability gate,[],"[{""axis"": ""active_values"", ""label"": ""Replacement only: Replacement only: Active learned values"", ""value"": 106165560, ""unit"": ""parameters""}, {""axis"": ""value_bytes"", ""label"": ""Replacement only: Replacement only: Replacement value bytes"", ""value"": 424662240, ""unit"": ""bytes""}, {""axis"": ""replacement_state_bytes"", ""label"": ""Replacement only: Replacement only: Registered replacement tensor bytes"", ""value"": 846662961, ""unit"": ""bytes""}]","[{""benchmark"": ""Held centered reconstruction error"", ""value"": 1.068619420284888, ""unit"": ""ratio""}, {""benchmark"": ""Held relative MSE"", ""value"": 1.0474068420859077, ""unit"": ""ratio""}, {""benchmark"": ""Held token cosine"", ""value"": 0.3692606920521939, ""unit"": ""ratio""}]",panel_16,1M study · no_I__historical_replay__active_values__centered_relative_mse,"[""2dfd24eaac1a0eddeb250ae22f9ba7ff3b14d01ce95e84d563ad3db16d524f64"", ""46361d39f9eeb0a8d0b6c673f078719f151ee326b80f843ff96a136b40b0d784"", ""6987fdbaff32812cda2c53a887d253a82497d06841579c48985fbe6b60834eec"", ""8cbd93aa60690578ec9f63110b64b127fc48bc6a9e13f422cdcefa271d9d6f25"", ""b20541e8127f0a22e9e754c2d17d5f4f39f101f3db11f3038769ed3ccacfd636""]"
805bb5fc8b985d154e41,1M study · no_I__new_pool_replay,allenai/OLMo-2-0325-32B-Instruct,Local FFN16 post-norm; held SHA 32b2dd5be87377e601b170f4688e6b3c38588f2a6e959eda5b4db31606892192,local,Dendritic replacement,Local fidelity only; no capability gate,[],"[{""axis"": ""active_values"", ""label"": ""Replacement only: Replacement only: Active learned values"", ""value"": 106165560, ""unit"": ""parameters""}, {""axis"": ""value_bytes"", ""label"": ""Replacement only: Replacement only: Replacement value bytes"", ""value"": 424662240, ""unit"": ""bytes""}, {""axis"": ""replacement_state_bytes"", ""label"": ""Replacement only: Replacement only: Registered replacement tensor bytes"", ""value"": 846662961, ""unit"": ""bytes""}]","[{""benchmark"": ""Held centered reconstruction error"", ""value"": 1.111497113727046, ""unit"": ""ratio""}, {""benchmark"": ""Held relative MSE"", ""value"": 1.0891135841573785, ""unit"": ""ratio""}, {""benchmark"": ""Held token cosine"", ""value"": 0.38000750352512114, ""unit"": ""ratio""}]",panel_16,1M study · no_I__new_pool_replay__active_values__centered_relative_mse,"[""355ec74c2e25ab2f74771e9811b7a1c19dcf77e1b11ed8d32737661ff7bee543"", ""6987fdbaff32812cda2c53a887d253a82497d06841579c48985fbe6b60834eec"", ""89aa28a1ed3e57a27694ff3a76fd98111d400a85d1b243b2f2b5f889df92f992"", ""b20541e8127f0a22e9e754c2d17d5f4f39f101f3db11f3038769ed3ccacfd636"", ""bb0875a74653197f30768e8d4bef8bc93e8ab325fde1133fac843f598d6787b1""]"
b4842fa641356892f9e6,1M study · population_I__fresh,allenai/OLMo-2-0325-32B-Instruct,Local FFN16 post-norm; held SHA 32b2dd5be87377e601b170f4688e6b3c38588f2a6e959eda5b4db31606892192,local,Dendritic replacement,Local fidelity only; no capability gate,[],"[{""axis"": ""active_values"", ""label"": ""Replacement only: Replacement only: Active learned values"", ""value"": 106165560, ""unit"": ""parameters""}, {""axis"": ""value_bytes"", ""label"": ""Replacement only: Replacement only: Replacement value bytes"", ""value"": 424662240, ""unit"": ""bytes""}, {""axis"": ""replacement_state_bytes"", ""label"": ""Replacement only: Replacement only: Registered replacement tensor bytes"", ""value"": 846663043, ""unit"": ""bytes""}]","[{""benchmark"": ""Held centered reconstruction error"", ""value"": 0.7858693663466195, ""unit"": ""ratio""}, {""benchmark"": ""Held relative MSE"", ""value"": 0.7743442373330728, ""unit"": ""ratio""}, {""benchmark"": ""Held token cosine"", ""value"": 0.49763848236761987, ""unit"": ""ratio""}]",panel_16,1M study · population_I__fresh__active_values__centered_relative_mse,"[""12afcddb4930c2cbcca0d6b0cdd34a0cfd6b437f7745ed24c8565ad544f55882"", ""2489e8da0567c3a80f0816d821680b1595aeb14da14a14e4be4d61bb1037132d"", ""6987fdbaff32812cda2c53a887d253a82497d06841579c48985fbe6b60834eec"", ""b20541e8127f0a22e9e754c2d17d5f4f39f101f3db11f3038769ed3ccacfd636"", ""ca516420830809851de620d40357ffb7b4e4be08da7c875dcb2fa8a677774831""]"
7c8336144f7915862550,1M study · population_I__historical_replay,allenai/OLMo-2-0325-32B-Instruct,Local FFN16 post-norm; held SHA 32b2dd5be87377e601b170f4688e6b3c38588f2a6e959eda5b4db31606892192,local,Dendritic replacement,Local fidelity only; no capability gate,[],"[{""axis"": ""active_values"", ""label"": ""Replacement only: Replacement only: Active learned values"", ""value"": 106165560, ""unit"": ""parameters""}, {""axis"": ""value_bytes"", ""label"": ""Replacement only: Replacement only: Replacement value bytes"", ""value"": 424662240, ""unit"": ""bytes""}, {""axis"": ""replacement_state_bytes"", ""label"": ""Replacement only: Replacement only: Registered replacement tensor bytes"", ""value"": 846663043, ""unit"": ""bytes""}]","[{""benchmark"": ""Held centered reconstruction error"", ""value"": 1.0170017288712403, ""unit"": ""ratio""}, {""benchmark"": ""Held relative MSE"", ""value"": 0.9974082854530054, ""unit"": ""ratio""}, {""benchmark"": ""Held token cosine"", ""value"": 0.38986477252910845, ""unit"": ""ratio""}]",panel_16,1M study · population_I__historical_replay__active_values__centered_relative_mse,"[""6987fdbaff32812cda2c53a887d253a82497d06841579c48985fbe6b60834eec"", ""6c27886ca8010bbceaacf04a0783499419864cc4c2d2b4602e7f0d40feb1330e"", ""87c9a9671723d907ebf4c0d3a84c8a48a5a1e9733badf99a98be28a8d5643bad"", ""b20541e8127f0a22e9e754c2d17d5f4f39f101f3db11f3038769ed3ccacfd636"", ""b34b50f5aca23ebcee18b272092f314405b9f89524eee95a08fad03acd52aaff""]"
6145f0a5e031459d83a1,1M study · population_I__new_pool_replay,allenai/OLMo-2-0325-32B-Instruct,Local FFN16 post-norm; held SHA 32b2dd5be87377e601b170f4688e6b3c38588f2a6e959eda5b4db31606892192,local,Dendritic replacement,Local fidelity only; no capability gate,[],"[{""axis"": ""active_values"", ""label"": ""Replacement only: Replacement only: Active learned values"", ""value"": 106165560, ""unit"": ""parameters""}, {""axis"": ""value_bytes"", ""label"": ""Replacement only: Replacement only: Replacement value bytes"", ""value"": 424662240, ""unit"": ""bytes""}, {""axis"": ""replacement_state_bytes"", ""label"": ""Replacement only: Replacement only: Registered replacement tensor bytes"", ""value"": 846663043, ""unit"": ""bytes""}]","[{""benchmark"": ""Held centered reconstruction error"", ""value"": 1.051780346649474, ""unit"": ""ratio""}, {""benchmark"": ""Held relative MSE"", ""value"": 1.0313539871578856, ""unit"": ""ratio""}, {""benchmark"": ""Held token cosine"", ""value"": 0.3969466243943316, ""unit"": ""ratio""}]",panel_16,1M study · population_I__new_pool_replay__active_values__centered_relative_mse,"[""12713263e94df9248b0c3d791a617192995d4da2c8d25b9b65ea78addb2bb3cd"", ""6987fdbaff32812cda2c53a887d253a82497d06841579c48985fbe6b60834eec"", ""b20541e8127f0a22e9e754c2d17d5f4f39f101f3db11f3038769ed3ccacfd636"", ""dba63eaa324a09231f4c9b1379ec69de93cb656e717a206bcc1abe4ae8207d51"", ""f9299ffe7043a7917c178e28c1b6a5c3653f033afbdb7553ba7eba75781634e1""]"
3c8df54f563daee5144d,All-depth · all640__noI_seed404_10M/10000384,allenai/OLMo-2-0325-32B-Instruct,Local FFN16 post-norm; held SHA 32b2dd5be87377e601b170f4688e6b3c38588f2a6e959eda5b4db31606892192,local,Dendritic replacement,Local fidelity only; no capability gate,[],"[{""axis"": ""active_values"", ""label"": ""Replacement only: Replacement only: Active learned values"", ""value"": 106165560, ""unit"": ""parameters""}, {""axis"": ""value_bytes"", ""label"": ""Replacement only: Replacement only: Replacement value bytes"", ""value"": 424662240, ""unit"": ""bytes""}, {""axis"": ""replacement_state_bytes"", ""label"": ""Replacement only: Replacement only: Registered replacement tensor bytes"", ""value"": 846662965, ""unit"": ""bytes""}]","[{""benchmark"": ""Held centered reconstruction error"", ""value"": 0.7002408924923684, ""unit"": ""ratio""}, {""benchmark"": ""Held relative MSE"", ""value"": 0.6865642341811228, ""unit"": ""ratio""}, {""benchmark"": ""Held token cosine"", ""value"": 0.5832632111996645, ""unit"": ""ratio""}]",panel_16,All-depth · all640__noI_seed404_10M/10000384__active_values__centered_relative_mse,"[""196dccc5ab46652538f241ec8a9c894e877e23bd0024726fb4c56b272a337076"", ""9ba7427889911c4c17aac66b0d73a7a25dcbd23c75b1cf9eab0ce351965dcd63"", ""a0cdae4cebea62af29d4b09d911522db194b3b5cec61f4814f1de1be4d6e5fa4"", ""a6c06ef8b4b61b8806e8e7eacbd82fb7a356b964151628dfd023f3e28a4817f4"", ""e5cb0c7dee9b641fbeea44dc641fef5a076c9cbeaef5f4246847e764c46b812e""]"
424297af23f2aef9a532,All-depth · all640__noI_seed404_10M/1000448,allenai/OLMo-2-0325-32B-Instruct,Local FFN16 post-norm; held SHA 32b2dd5be87377e601b170f4688e6b3c38588f2a6e959eda5b4db31606892192,local,Dendritic replacement,Local fidelity only; no capability gate,[],"[{""axis"": ""active_values"", ""label"": ""Replacement only: Replacement only: Active learned values"", ""value"": 106165560, ""unit"": ""parameters""}, {""axis"": ""value_bytes"", ""label"": ""Replacement only: Replacement only: Replacement value bytes"", ""value"": 424662240, ""unit"": ""bytes""}, {""axis"": ""replacement_state_bytes"", ""label"": ""Replacement only: Replacement only: Registered replacement tensor bytes"", ""value"": 846662965, ""unit"": ""bytes""}]","[{""benchmark"": ""Held centered reconstruction error"", ""value"": 0.8977411921207983, ""unit"": ""ratio""}, {""benchmark"": ""Held relative MSE"", ""value"": 0.8829887245325182, ""unit"": ""ratio""}, {""benchmark"": ""Held token cosine"", ""value"": 0.386984387456323, ""unit"": ""ratio""}]",panel_16,All-depth · all640__noI_seed404_10M/1000448__active_values__centered_relative_mse,"[""196dccc5ab46652538f241ec8a9c894e877e23bd0024726fb4c56b272a337076"", ""1d7beb4493f2e4b941fe1189c21955acd6f4b06f1ff1414c6212dc7ef281d751"", ""5097a70e5e0a917c34e59a252d6a5267416830b8850af306c4259fae4595e775"", ""a6c06ef8b4b61b8806e8e7eacbd82fb7a356b964151628dfd023f3e28a4817f4"", ""f80d8f0d6e92f537a9ae239ed7d2b8cd50d26a48b25360d330355065ee980115""]"
4eae336d61e116498644,All-depth · deep22222_all640__noI_seed404_10M/10000384,allenai/OLMo-2-0325-32B-Instruct,Local FFN16 post-norm; held SHA 32b2dd5be87377e601b170f4688e6b3c38588f2a6e959eda5b4db31606892192,local,Dendritic replacement,Local fidelity only; no capability gate,[],"[{""axis"": ""active_values"", ""label"": ""Replacement only: Replacement only: Active learned values"", ""value"": 106166068, ""unit"": ""parameters""}, {""axis"": ""value_bytes"", ""label"": ""Replacement only: Replacement only: Replacement value bytes"", ""value"": 424664272, ""unit"": ""bytes""}, {""axis"": ""replacement_state_bytes"", ""label"": ""Replacement only: Replacement only: Registered replacement tensor bytes"", ""value"": 824019321, ""unit"": ""bytes""}]","[{""benchmark"": ""Held centered reconstruction error"", ""value"": 0.760177989878537, ""unit"": ""ratio""}, {""benchmark"": ""Held relative MSE"", ""value"": 0.7455313162971341, ""unit"": ""ratio""}, {""benchmark"": ""Held token cosine"", ""value"": 0.5288651339069474, ""unit"": ""ratio""}]",panel_16,All-depth · deep22222_all640__noI_seed404_10M/10000384__active_values__centered_relative_mse,"[""196dccc5ab46652538f241ec8a9c894e877e23bd0024726fb4c56b272a337076"", ""61f23a375e3bc5467f162ab07cd2473ce2ecaf47848359b3f09a863666abd17a"", ""7fe19431466fb5f4838ad3bd92b511c14d4e34fc56f2fb6e206369198dc2ce70"", ""8c1487a048403a79a4e995348f0f4376a5119999a265f3eccb58a7c9767b551d"", ""a6c06ef8b4b61b8806e8e7eacbd82fb7a356b964151628dfd023f3e28a4817f4""]"
86ad4dbc4d12cd044d5f,All-depth · deep22222_all640__noI_seed404_10M/1000448,allenai/OLMo-2-0325-32B-Instruct,Local FFN16 post-norm; held SHA 32b2dd5be87377e601b170f4688e6b3c38588f2a6e959eda5b4db31606892192,local,Dendritic replacement,Local fidelity only; no capability gate,[],"[{""axis"": ""active_values"", ""label"": ""Replacement only: Replacement only: Active learned values"", ""value"": 106166068, ""unit"": ""parameters""}, {""axis"": ""value_bytes"", ""label"": ""Replacement only: Replacement only: Replacement value bytes"", ""value"": 424664272, ""unit"": ""bytes""}, {""axis"": ""replacement_state_bytes"", ""label"": ""Replacement only: Replacement only: Registered replacement tensor bytes"", ""value"": 824019321, ""unit"": ""bytes""}]","[{""benchmark"": ""Held centered reconstruction error"", ""value"": 0.9934548021602887, ""unit"": ""ratio""}, {""benchmark"": ""Held relative MSE"", ""value"": 0.9776734368877414, ""unit"": ""ratio""}, {""benchmark"": ""Held token cosine"", ""value"": 0.2781233547575539, ""unit"": ""ratio""}]",panel_16,All-depth · deep22222_all640__noI_seed404_10M/1000448__active_values__centered_relative_mse,"[""196dccc5ab46652538f241ec8a9c894e877e23bd0024726fb4c56b272a337076"", ""564ff906ffa376bf1cb97b8d5396677f2d1ec71a43819a879fc5bedb79a1845a"", ""66da17a3a70eec95fd503c265d4ce8fe4eb6c92873b6ec02558c2ccaf50e5564"", ""a6c06ef8b4b61b8806e8e7eacbd82fb7a356b964151628dfd023f3e28a4817f4"", ""e8b72b8ffe2a91ea61d6c0b2854aa50bb329b40ad922c6621b3354031d11df9b""]"
1f0129a665ad109f4bb2,All-depth · deep333_all640__noI_seed404_10M/10000384,allenai/OLMo-2-0325-32B-Instruct,Local FFN16 post-norm; held SHA 32b2dd5be87377e601b170f4688e6b3c38588f2a6e959eda5b4db31606892192,local,Dendritic replacement,Local fidelity only; no capability gate,[],"[{""axis"": ""active_values"", ""label"": ""Replacement only: Replacement only: Active learned values"", ""value"": 106165450, ""unit"": ""parameters""}, {""axis"": ""value_bytes"", ""label"": ""Replacement only: Replacement only: Replacement value bytes"", ""value"": 424661800, ""unit"": ""bytes""}, {""axis"": ""replacement_state_bytes"", ""label"": ""Replacement only: Replacement only: Registered replacement tensor bytes"", ""value"": 832864153, ""unit"": ""bytes""}]","[{""benchmark"": ""Held centered reconstruction error"", ""value"": 0.737667165494457, ""unit"": ""ratio""}, {""benchmark"": ""Held relative MSE"", ""value"": 0.7233795788042622, ""unit"": ""ratio""}, {""benchmark"": ""Held token cosine"", ""value"": 0.5495591035723919, ""unit"": ""ratio""}]",panel_16,All-depth · deep333_all640__noI_seed404_10M/10000384__active_values__centered_relative_mse,"[""196dccc5ab46652538f241ec8a9c894e877e23bd0024726fb4c56b272a337076"", ""4f518248155bf33a83c51b6a7eec0e4e724f2eddb4a42804c81809b4c76ec088"", ""6363c3465512e073e116523e9c9b5f890c180f2d45e29fc63fdbb543272a9496"", ""a6c06ef8b4b61b8806e8e7eacbd82fb7a356b964151628dfd023f3e28a4817f4"", ""f61cc07403b2f4d677e537aa6019ba721d69a6cbfa24c7c3c8f7f748c0ed60a4""]"
929b4c236cf8d97e9fdf,All-depth · deep333_all640__noI_seed404_10M/1000448,allenai/OLMo-2-0325-32B-Instruct,Local FFN16 post-norm; held SHA 32b2dd5be87377e601b170f4688e6b3c38588f2a6e959eda5b4db31606892192,local,Dendritic replacement,Local fidelity only; no capability gate,[],"[{""axis"": ""active_values"", ""label"": ""Replacement only: Replacement only: Active learned values"", ""value"": 106165450, ""unit"": ""parameters""}, {""axis"": ""value_bytes"", ""label"": ""Replacement only: Replacement only: Replacement value bytes"", ""value"": 424661800, ""unit"": ""bytes""}, {""axis"": ""replacement_state_bytes"", ""label"": ""Replacement only: Replacement only: Registered replacement tensor bytes"", ""value"": 832864153, ""unit"": ""bytes""}]","[{""benchmark"": ""Held centered reconstruction error"", ""value"": 0.9685243361100196, ""unit"": ""ratio""}, {""benchmark"": ""Held relative MSE"", ""value"": 0.9517973259090052, ""unit"": ""ratio""}, {""benchmark"": ""Held token cosine"", ""value"": 0.2995914405255462, ""unit"": ""ratio""}]",panel_16,All-depth · deep333_all640__noI_seed404_10M/1000448__active_values__centered_relative_mse,"[""196dccc5ab46652538f241ec8a9c894e877e23bd0024726fb4c56b272a337076"", ""3166b52f4783702ceff81b60aa0459aa7ff759815baa2f0457645aba7c6445b5"", ""79e121c67cb880ff7c5d764c790e4959a453a13ddb1a1541d8109cbc0762cbe4"", ""a6c06ef8b4b61b8806e8e7eacbd82fb7a356b964151628dfd023f3e28a4817f4"", ""e94fe15a5cafc91aa7f132527277282b4720b58c19a62ac10d5182cf188cdc3a""]"
6c4a9dcac65e26202d1f,Dense · dense_6911__fresh_10M/10000384,allenai/OLMo-2-0325-32B-Instruct,Local FFN16 post-norm; held SHA 32b2dd5be87377e601b170f4688e6b3c38588f2a6e959eda5b4db31606892192,local,Dense / low-rank replacement,Local fidelity only; no capability gate,[],"[{""axis"": ""active_values"", ""label"": ""Replacement only: Replacement only: Active learned values"", ""value"": 106158080, ""unit"": ""parameters""}, {""axis"": ""value_bytes"", ""label"": ""Replacement only: Replacement only: Replacement value bytes"", ""value"": 424632320, ""unit"": ""bytes""}, {""axis"": ""replacement_state_bytes"", ""label"": ""Replacement only: Replacement only: Registered replacement tensor bytes"", ""value"": 424632320, ""unit"": ""bytes""}]","[{""benchmark"": ""Held centered reconstruction error"", ""value"": 0.5051593345411012, ""unit"": ""ratio""}, {""benchmark"": ""Held relative MSE"", ""value"": 0.4958598595587988, ""unit"": ""ratio""}, {""benchmark"": ""Held token cosine"", ""value"": 0.7266620312584564, ""unit"": ""ratio""}]",panel_16,Dense · dense_6911__fresh_10M/10000384__active_values__centered_relative_mse,"[""2a3f0cb5bc3bd71d2072798eff76a240b1a44d9f658db7a172cb1597fce22eb8"", ""682dfd048636eca3e9db9faf81bffab48780f064ae8c17a81f2b47d5ef1464fc"", ""6e2dabc688d95829f2c034ab3fc714bbd4e2baea1cf1715ea8ce5dadc7ad3ae8"", ""af1e04a71072b066655b31d9e889cc2839beff72e534a205238b4c05f7fc5b9a"", ""e176eb946d82f7f29d1be710b7a2aedfbcaa4b9003497d3de6d83c0bf0fff102""]"
91f8cfbf86904af4ccde,Long-dose · no_I__constant_100M/11000832,allenai/OLMo-2-0325-32B-Instruct,Local FFN16 post-norm; held SHA 32b2dd5be87377e601b170f4688e6b3c38588f2a6e959eda5b4db31606892192,local,Dendritic replacement,Local fidelity only; no capability gate,[],"[{""axis"": ""active_values"", ""label"": ""Replacement only: Replacement only: Active learned values"", ""value"": 106165560, ""unit"": ""parameters""}, {""axis"": ""value_bytes"", ""label"": ""Replacement only: Replacement only: Replacement value bytes"", ""value"": 424662240, ""unit"": ""bytes""}, {""axis"": ""replacement_state_bytes"", ""label"": ""Replacement only: Replacement only: Registered replacement tensor bytes"", ""value"": 846662961, ""unit"": ""bytes""}]","[{""benchmark"": ""Held centered reconstruction error"", ""value"": 0.6909573329458213, ""unit"": ""ratio""}, {""benchmark"": ""Held relative MSE"", ""value"": 0.6774075697935154, ""unit"": ""ratio""}, {""benchmark"": ""Held token cosine"", ""value"": 0.59024831908755, ""unit"": ""ratio""}]",panel_16,Long-dose · no_I__constant_100M/11000832__active_values__centered_relative_mse,"[""0338d51ade71557e62822a85444cc795e2cbcd9747352fcfd12e99131801142d"", ""457e9ed5759106688516cb63b41e88d42b57e261fd7d68c575350aea6e6d9a92"", ""5097f7cffffb2d6b1274925e5ba1195656284b4a13cfe04e9e42b2ee246a4483"", ""5d8c841b1ed5eef725dde80a57bbeea936ddf4875e51f213bed669624baf941b"", ""cfe0e8c996a11b8fbfac71774f66063e419675bb032a7f25291c80848b902190""]"
73d251c3dbe59aadb87d,Long-dose · no_I__constant_100M/30000128,allenai/OLMo-2-0325-32B-Instruct,Local FFN16 post-norm; held SHA 32b2dd5be87377e601b170f4688e6b3c38588f2a6e959eda5b4db31606892192,local,Dendritic replacement,Local fidelity only; no capability gate,[],"[{""axis"": ""active_values"", ""label"": ""Replacement only: Replacement only: Active learned values"", ""value"": 106165560, ""unit"": ""parameters""}, {""axis"": ""value_bytes"", ""label"": ""Replacement only: Replacement only: Replacement value bytes"", ""value"": 424662240, ""unit"": ""bytes""}, {""axis"": ""replacement_state_bytes"", ""label"": ""Replacement only: Replacement only: Registered replacement tensor bytes"", ""value"": 846662961, ""unit"": ""bytes""}]","[{""benchmark"": ""Held centered reconstruction error"", ""value"": 0.6672711045849133, ""unit"": ""ratio""}, {""benchmark"": ""Held relative MSE"", ""value"": 0.6546657745923681, ""unit"": ""ratio""}, {""benchmark"": ""Held token cosine"", ""value"": 0.6100445730262436, ""unit"": ""ratio""}]",panel_16,Long-dose · no_I__constant_100M/30000128__active_values__centered_relative_mse,"[""5097f7cffffb2d6b1274925e5ba1195656284b4a13cfe04e9e42b2ee246a4483"", ""8a4bfa7db8906c364cd38eb7a93dd63f84bfe75cd13ef4659243e9f94e6d9aff"", ""a925447f8e03faf7965bce30abbe6389160aba5a4c218153063c383f413fcc2f"", ""adc2f22add42426108da933004ecec84f7d8012f5e55398b642facc7e9bb05e1"", ""cfe0e8c996a11b8fbfac71774f66063e419675bb032a7f25291c80848b902190""]"
8ade58d353e4a565f896,Long-dose · no_I__decay_11M/11000832,allenai/OLMo-2-0325-32B-Instruct,Local FFN16 post-norm; held SHA 32b2dd5be87377e601b170f4688e6b3c38588f2a6e959eda5b4db31606892192,local,Dendritic replacement,Local fidelity only; no capability gate,[],"[{""axis"": ""active_values"", ""label"": ""Replacement only: Replacement only: Active learned values"", ""value"": 106165560, ""unit"": ""parameters""}, {""axis"": ""value_bytes"", ""label"": ""Replacement only: Replacement only: Replacement value bytes"", ""value"": 424662240, ""unit"": ""bytes""}, {""axis"": ""replacement_state_bytes"", ""label"": ""Replacement only: Replacement only: Registered replacement tensor bytes"", ""value"": 846662961, ""unit"": ""bytes""}]","[{""benchmark"": ""Held centered reconstruction error"", ""value"": 0.6840830223162553, ""unit"": ""ratio""}, {""benchmark"": ""Held relative MSE"", ""value"": 0.6700736382190622, ""unit"": ""ratio""}, {""benchmark"": ""Held token cosine"", ""value"": 0.5962584981316468, ""unit"": ""ratio""}]",panel_16,Long-dose · no_I__decay_11M/11000832__active_values__centered_relative_mse,"[""197065c6a4f2e4c6a2ec342079bde410b8d7d113f86a312a83c34d0dd4a5ccf3"", ""2875026f3824aad451dfc5b700e25d9f244b6b6201d9625f964d43216c4a6b92"", ""5097f7cffffb2d6b1274925e5ba1195656284b4a13cfe04e9e42b2ee246a4483"", ""af9bc91007e773005eb300bd593247cd7febf842ba5df4cdac5975c431cc2e39"", ""cfe0e8c996a11b8fbfac71774f66063e419675bb032a7f25291c80848b902190""]"
12bee1d6c50993db68b6,Long-dose · population_I__constant_100M/11000832,allenai/OLMo-2-0325-32B-Instruct,Local FFN16 post-norm; held SHA 32b2dd5be87377e601b170f4688e6b3c38588f2a6e959eda5b4db31606892192,local,Dendritic replacement,Local fidelity only; no capability gate,[],"[{""axis"": ""active_values"", ""label"": ""Replacement only: Replacement only: Active learned values"", ""value"": 106165560, ""unit"": ""parameters""}, {""axis"": ""value_bytes"", ""label"": ""Replacement only: Replacement only: Replacement value bytes"", ""value"": 424662240, ""unit"": ""bytes""}, {""axis"": ""replacement_state_bytes"", ""label"": ""Replacement only: Replacement only: Registered replacement tensor bytes"", ""value"": 846663043, ""unit"": ""bytes""}]","[{""benchmark"": ""Held centered reconstruction error"", ""value"": 0.6556060106710546, ""unit"": ""ratio""}, {""benchmark"": ""Held relative MSE"", ""value"": 0.6430844297093241, ""unit"": ""ratio""}, {""benchmark"": ""Held token cosine"", ""value"": 0.617631593166152, ""unit"": ""ratio""}]",panel_16,Long-dose · population_I__constant_100M/11000832__active_values__centered_relative_mse,"[""1dcae06b78fbbc0a7dd7635ca5855aab9b6d10c0f6c4ef55b7634658c7df8594"", ""5097f7cffffb2d6b1274925e5ba1195656284b4a13cfe04e9e42b2ee246a4483"", ""bbb281e497abf36a8fb9b36e5c52de8c4194f915ae298f1e53ff1e058534713f"", ""cfe0e8c996a11b8fbfac71774f66063e419675bb032a7f25291c80848b902190"", ""f4fe49b709484157e8d196076534f2c6227928c0ac8f8fecbc8f606286823611""]"
456df4504e720c0a0a09,Long-dose · population_I__constant_100M/30000128,allenai/OLMo-2-0325-32B-Instruct,Local FFN16 post-norm; held SHA 32b2dd5be87377e601b170f4688e6b3c38588f2a6e959eda5b4db31606892192,local,Dendritic replacement,Local fidelity only; no capability gate,[],"[{""axis"": ""active_values"", ""label"": ""Replacement only: Replacement only: Active learned values"", ""value"": 106165560, ""unit"": ""parameters""}, {""axis"": ""value_bytes"", ""label"": ""Replacement only: Replacement only: Replacement value bytes"", ""value"": 424662240, ""unit"": ""bytes""}, {""axis"": ""replacement_state_bytes"", ""label"": ""Replacement only: Replacement only: Registered replacement tensor bytes"", ""value"": 846663043, ""unit"": ""bytes""}]","[{""benchmark"": ""Held centered reconstruction error"", ""value"": 0.6173925271898965, ""unit"": ""ratio""}, {""benchmark"": ""Held relative MSE"", ""value"": 0.6067363397996266, ""unit"": ""ratio""}, {""benchmark"": ""Held token cosine"", ""value"": 0.6469069984304952, ""unit"": ""ratio""}]",panel_16,Long-dose · population_I__constant_100M/30000128__active_values__centered_relative_mse,"[""5097f7cffffb2d6b1274925e5ba1195656284b4a13cfe04e9e42b2ee246a4483"", ""8bf3111c4592789d1ca5d259a649720143320dcc83382ce9a7a3bbe573780b27"", ""9f0c41a634bea554cc054a1306f0b9b919d43dc3d7db522dd4266d7b39cf1b0c"", ""bf2cdd534e502d66600834c4d1c6f2ee042b489d91296a1025ef34dbdaa94cbe"", ""cfe0e8c996a11b8fbfac71774f66063e419675bb032a7f25291c80848b902190""]"
1c7b40a2fe4c360987f6,Long-dose · population_I__decay_11M/11000832,allenai/OLMo-2-0325-32B-Instruct,Local FFN16 post-norm; held SHA 32b2dd5be87377e601b170f4688e6b3c38588f2a6e959eda5b4db31606892192,local,Dendritic replacement,Local fidelity only; no capability gate,[],"[{""axis"": ""active_values"", ""label"": ""Replacement only: Replacement only: Active learned values"", ""value"": 106165560, ""unit"": ""parameters""}, {""axis"": ""value_bytes"", ""label"": ""Replacement only: Replacement only: Replacement value bytes"", ""value"": 424662240, ""unit"": ""bytes""}, {""axis"": ""replacement_state_bytes"", ""label"": ""Replacement only: Replacement only: Registered replacement tensor bytes"", ""value"": 846663043, ""unit"": ""bytes""}]","[{""benchmark"": ""Held centered reconstruction error"", ""value"": 0.6455110588895295, ""unit"": ""ratio""}, {""benchmark"": ""Held relative MSE"", ""value"": 0.6323563232943556, ""unit"": ""ratio""}, {""benchmark"": ""Held token cosine"", ""value"": 0.626284190788283, ""unit"": ""ratio""}]",panel_16,Long-dose · population_I__decay_11M/11000832__active_values__centered_relative_mse,"[""21f3a0c7cf5e41208b13a2ed294562a10f54c2aa5381c56bda0dccfe931060fc"", ""5097f7cffffb2d6b1274925e5ba1195656284b4a13cfe04e9e42b2ee246a4483"", ""647807d5841ff2415ab32c04136befb534a48ab6a56b9edea9ccf196409e70a1"", ""cfe0e8c996a11b8fbfac71774f66063e419675bb032a7f25291c80848b902190"", ""d49d3ede097966cfe53b4c86535b662b728fead4f109f8c9152eaab0db7d154c""]"
b879352484fbd10e5c73,Seed/factorized · factorized1079__seed404__fresh10M/10000384,allenai/OLMo-2-0325-32B-Instruct,Local FFN16 post-norm; held SHA 32b2dd5be87377e601b170f4688e6b3c38588f2a6e959eda5b4db31606892192,local,Dense / low-rank replacement,Local fidelity only; no capability gate,[],"[{""axis"": ""active_values"", ""label"": ""Replacement only: Replacement only: Active learned values"", ""value"": 106075136, ""unit"": ""parameters""}, {""axis"": ""value_bytes"", ""label"": ""Replacement only: Replacement only: Replacement value bytes"", ""value"": 424300544, ""unit"": ""bytes""}, {""axis"": ""replacement_state_bytes"", ""label"": ""Replacement only: Replacement only: Registered replacement tensor bytes"", ""value"": 424300544, ""unit"": ""bytes""}]","[{""benchmark"": ""Held centered reconstruction error"", ""value"": 0.576626831518506, ""unit"": ""ratio""}, {""benchmark"": ""Held relative MSE"", ""value"": 0.565964884894234, ""unit"": ""ratio""}, {""benchmark"": ""Held token cosine"", ""value"": 0.6764517559640808, ""unit"": ""ratio""}]",panel_16,Seed/factorized · factorized1079__seed404__fresh10M/10000384__active_values__centered_relative_mse,"[""13870524a10cab34b45acfb8984a9532ade9157037ad563fe5daa41ce98baf54"", ""4f54ccdb7d144686e92af718ae1b645d9745c857af119ce0ccdc5fa8837371d1"", ""75c6f10948dcf122dc7505a6ab0d0d9058027702733db57d4402f35fd33b37dc"", ""a152aec23f402b494ef3925a708184adadfd53542ed623b5068ad518c2eb7bb3"", ""bcb90a2010d05664249731c45f8f28ddbcbb8f96c43ee5ea9354c94450240db1""]"
3c4bfc4d7ea8fe28aa02,Seed/factorized · factorized1079__seed404__fresh10M/1000448,allenai/OLMo-2-0325-32B-Instruct,Local FFN16 post-norm; held SHA 32b2dd5be87377e601b170f4688e6b3c38588f2a6e959eda5b4db31606892192,local,Dense / low-rank replacement,Local fidelity only; no capability gate,[],"[{""axis"": ""active_values"", ""label"": ""Replacement only: Replacement only: Active learned values"", ""value"": 106075136, ""unit"": ""parameters""}, {""axis"": ""value_bytes"", ""label"": ""Replacement only: Replacement only: Replacement value bytes"", ""value"": 424300544, ""unit"": ""bytes""}, {""axis"": ""replacement_state_bytes"", ""label"": ""Replacement only: Replacement only: Registered replacement tensor bytes"", ""value"": 424300544, ""unit"": ""bytes""}]","[{""benchmark"": ""Held centered reconstruction error"", ""value"": 0.706621000033818, ""unit"": ""ratio""}, {""benchmark"": ""Held relative MSE"", ""value"": 0.6954204543407367, ""unit"": ""ratio""}, {""benchmark"": ""Held token cosine"", ""value"": 0.5734650731901638, ""unit"": ""ratio""}]",panel_16,Seed/factorized · factorized1079__seed404__fresh10M/1000448__active_values__centered_relative_mse,"[""406e4e0ed2ef5d9ad9a98343090b344c1a04f5ca9e5794916f7bc80ff320ddb7"", ""4f54ccdb7d144686e92af718ae1b645d9745c857af119ce0ccdc5fa8837371d1"", ""75c6f10948dcf122dc7505a6ab0d0d9058027702733db57d4402f35fd33b37dc"", ""8968e22e89c7f1687ab154b2c3de077828589334273f3c36f5ea7a9c89d2b42e"", ""c439a7cf8f94798eec56c4b851d4292d2a00b5b7c1de2500a00ad56ff4866a3d""]"
c9b0fae366edf7f3d4a9,Seed/factorized · no_I__seed405__fresh10M/10000384,allenai/OLMo-2-0325-32B-Instruct,Local FFN16 post-norm; held SHA 32b2dd5be87377e601b170f4688e6b3c38588f2a6e959eda5b4db31606892192,local,Dendritic replacement,Local fidelity only; no capability gate,[],"[{""axis"": ""active_values"", ""label"": ""Replacement only: Replacement only: Active learned values"", ""value"": 106165560, ""unit"": ""parameters""}, {""axis"": ""value_bytes"", ""label"": ""Replacement only: Replacement only: Replacement value bytes"", ""value"": 424662240, ""unit"": ""bytes""}, {""axis"": ""replacement_state_bytes"", ""label"": ""Replacement only: Replacement only: Registered replacement tensor bytes"", ""value"": 846662961, ""unit"": ""bytes""}]","[{""benchmark"": ""Held centered reconstruction error"", ""value"": 0.6935956646630832, ""unit"": ""ratio""}, {""benchmark"": ""Held relative MSE"", ""value"": 0.6800900470768189, ""unit"": ""ratio""}, {""benchmark"": ""Held token cosine"", ""value"": 0.587769458303228, ""unit"": ""ratio""}]",panel_16,Seed/factorized · no_I__seed405__fresh10M/10000384__active_values__centered_relative_mse,"[""4f54ccdb7d144686e92af718ae1b645d9745c857af119ce0ccdc5fa8837371d1"", ""57a22e32cfbe790c8a06d583658e152bc3f54d8c098168a6a255f4bf142d75e9"", ""75c6f10948dcf122dc7505a6ab0d0d9058027702733db57d4402f35fd33b37dc"", ""75d5af3a5cd5cfb1d253ce74422ee4f948585433adad70ae13913680fb94cb2c"", ""b1550a9eb6ffc727fd9c7aa16c518595df158a9b5aeb3a2a4e887cf2b8de829f""]"
c177e0bf27736005f836,Seed/factorized · no_I__seed405__fresh10M/1000448,allenai/OLMo-2-0325-32B-Instruct,Local FFN16 post-norm; held SHA 32b2dd5be87377e601b170f4688e6b3c38588f2a6e959eda5b4db31606892192,local,Dendritic replacement,Local fidelity only; no capability gate,[],"[{""axis"": ""active_values"", ""label"": ""Replacement only: Replacement only: Active learned values"", ""value"": 106165560, ""unit"": ""parameters""}, {""axis"": ""value_bytes"", ""label"": ""Replacement only: Replacement only: Replacement value bytes"", ""value"": 424662240, ""unit"": ""bytes""}, {""axis"": ""replacement_state_bytes"", ""label"": ""Replacement only: Replacement only: Registered replacement tensor bytes"", ""value"": 846662961, ""unit"": ""bytes""}]","[{""benchmark"": ""Held centered reconstruction error"", ""value"": 0.7939875421075266, ""unit"": ""ratio""}, {""benchmark"": ""Held relative MSE"", ""value"": 0.7801445249241246, ""unit"": ""ratio""}, {""benchmark"": ""Held token cosine"", ""value"": 0.4935322944074869, ""unit"": ""ratio""}]",panel_16,Seed/factorized · no_I__seed405__fresh10M/1000448__active_values__centered_relative_mse,"[""373f2cde7a8f38237de716398032a3ecf57539b2704a542c2b4911e4bcbfe044"", ""4f54ccdb7d144686e92af718ae1b645d9745c857af119ce0ccdc5fa8837371d1"", ""75c6f10948dcf122dc7505a6ab0d0d9058027702733db57d4402f35fd33b37dc"", ""764dcebce40abc246702f934d37b27040f16076fe5d7349dbf17ea173fa8adf6"", ""a533adc1ca90e8162582ac43319323cecc05793ba8b8b0c20e2767f21ef4eae0""]"
d5140a6ff7e9d4988250,Seed/factorized · population_I__seed405__fresh10M/10000384,allenai/OLMo-2-0325-32B-Instruct,Local FFN16 post-norm; held SHA 32b2dd5be87377e601b170f4688e6b3c38588f2a6e959eda5b4db31606892192,local,Dendritic replacement,Local fidelity only; no capability gate,[],"[{""axis"": ""active_values"", ""label"": ""Replacement only: Replacement only: Active learned values"", ""value"": 106165560, ""unit"": ""parameters""}, {""axis"": ""value_bytes"", ""label"": ""Replacement only: Replacement only: Replacement value bytes"", ""value"": 424662240, ""unit"": ""bytes""}, {""axis"": ""replacement_state_bytes"", ""label"": ""Replacement only: Replacement only: Registered replacement tensor bytes"", ""value"": 846663043, ""unit"": ""bytes""}]","[{""benchmark"": ""Held centered reconstruction error"", ""value"": 0.6599980840952636, ""unit"": ""ratio""}, {""benchmark"": ""Held relative MSE"", ""value"": 0.6472140606503082, ""unit"": ""ratio""}, {""benchmark"": ""Held token cosine"", ""value"": 0.6140323919535149, ""unit"": ""ratio""}]",panel_16,Seed/factorized · population_I__seed405__fresh10M/10000384__active_values__centered_relative_mse,"[""4f54ccdb7d144686e92af718ae1b645d9745c857af119ce0ccdc5fa8837371d1"", ""614b9f1ae95a800e937c088b4ed4782fb3ea9e3166e936ee026063c2ee39b19b"", ""75c6f10948dcf122dc7505a6ab0d0d9058027702733db57d4402f35fd33b37dc"", ""955a50789949e8fc3cafd2d2da5b67ad90205cf850f39d983c77cfe2bed57e91"", ""b634021cd8da88ed4cf97f7947fe108e1212ecd96ca50d80b3806f0cf606e64f""]"
b7e9748cefd33b08735e,Seed/factorized · population_I__seed405__fresh10M/1000448,allenai/OLMo-2-0325-32B-Instruct,Local FFN16 post-norm; held SHA 32b2dd5be87377e601b170f4688e6b3c38588f2a6e959eda5b4db31606892192,local,Dendritic replacement,Local fidelity only; no capability gate,[],"[{""axis"": ""active_values"", ""label"": ""Replacement only: Replacement only: Active learned values"", ""value"": 106165560, ""unit"": ""parameters""}, {""axis"": ""value_bytes"", ""label"": ""Replacement only: Replacement only: Replacement value bytes"", ""value"": 424662240, ""unit"": ""bytes""}, {""axis"": ""replacement_state_bytes"", ""label"": ""Replacement only: Replacement only: Registered replacement tensor bytes"", ""value"": 846663043, ""unit"": ""bytes""}]","[{""benchmark"": ""Held centered reconstruction error"", ""value"": 0.7855066388442842, ""unit"": ""ratio""}, {""benchmark"": ""Held relative MSE"", ""value"": 0.774066503899016, ""unit"": ""ratio""}, {""benchmark"": ""Held token cosine"", ""value"": 0.4979439050221117, ""unit"": ""ratio""}]",panel_16,Seed/factorized · population_I__seed405__fresh10M/1000448__active_values__centered_relative_mse,"[""4f54ccdb7d144686e92af718ae1b645d9745c857af119ce0ccdc5fa8837371d1"", ""75c6f10948dcf122dc7505a6ab0d0d9058027702733db57d4402f35fd33b37dc"", ""a89d98e59829d5494ae4cb53cd5e50ba61f236e38a18d4abbf03cd56b8ae37a2"", ""e1a48af8e1a29a7d4f4fea10cd76a1192c90b9edef4d48681ece2a6cf5556100"", ""f85cdb1a0aa434ebf1a94f31917db050be884fde09e57083d25b503345a7432d""]"
184fa5419663b01be0e3,all640__learnedI_E1I1_seed404_10M · 10000384 positions,allenai/OLMo-2-0325-32B-Instruct,Local FFN16 post-norm; held SHA 32b2dd5be87377e601b170f4688e6b3c38588f2a6e959eda5b4db31606892192,local,Dendritic replacement,Local fidelity only; no capability gate,[],"[{""axis"": ""active_values"", ""label"": ""Replacement only: Replacement only: Active learned values"", ""value"": 106165560, ""unit"": ""parameters""}, {""axis"": ""value_bytes"", ""label"": ""Replacement only: Replacement only: Replacement value bytes"", ""value"": 424662240, ""unit"": ""bytes""}, {""axis"": ""replacement_state_bytes"", ""label"": ""Replacement only: Replacement only: Registered replacement tensor bytes"", ""value"": 846663055, ""unit"": ""bytes""}]","[{""benchmark"": ""Held centered reconstruction error"", ""value"": 0.6721094543206974, ""unit"": ""ratio""}, {""benchmark"": ""Held relative MSE"", ""value"": 0.6592890327959418, ""unit"": ""ratio""}, {""benchmark"": ""Held token cosine"", ""value"": 0.6047066935861949, ""unit"": ""ratio""}]",panel_16,b36f469c7200c8ca3b1648f50245ebcad402da6126a0266f0ceaf3e03567a26e__active_values__centered_relative_mse,"[""44cac41d354060b3237e2b7a9a59e97a629634066cff2cd0f8f7a047b6d0567a"", ""72cacf15e4f6d692591eee2551f9c200f971dad89e069b0c96e42a015231e53e"", ""a622cd3f6b5b6def5d8acace50b294c96defed82698ae0b88c2778024a7c7da5"", ""b36f469c7200c8ca3b1648f50245ebcad402da6126a0266f0ceaf3e03567a26e"", ""edd4758887ad91be619da01c473f091f2e6c71ace0fe324cfd0d8fb3ae99299f""]"
25524442f671e6a75363,all640__learnedI_E1I1_seed404_10M · 1000448 positions,allenai/OLMo-2-0325-32B-Instruct,Local FFN16 post-norm; held SHA 32b2dd5be87377e601b170f4688e6b3c38588f2a6e959eda5b4db31606892192,local,Dendritic replacement,Local fidelity only; no capability gate,[],"[{""axis"": ""active_values"", ""label"": ""Replacement only: Replacement only: Active learned values"", ""value"": 106165560, ""unit"": ""parameters""}, {""axis"": ""value_bytes"", ""label"": ""Replacement only: Replacement only: Replacement value bytes"", ""value"": 424662240, ""unit"": ""bytes""}, {""axis"": ""replacement_state_bytes"", ""label"": ""Replacement only: Replacement only: Registered replacement tensor bytes"", ""value"": 846663055, ""unit"": ""bytes""}]","[{""benchmark"": ""Held centered reconstruction error"", ""value"": 0.8610177296975152, ""unit"": ""ratio""}, {""benchmark"": ""Held relative MSE"", ""value"": 0.8460066466824752, ""unit"": ""ratio""}, {""benchmark"": ""Held token cosine"", ""value"": 0.4210664714773884, ""unit"": ""ratio""}]",panel_16,b3d8c552d39af90f2cc2cb09680e97edb403d0206da68f2b9241f5ed2a997ef7__active_values__centered_relative_mse,"[""18088b73c7b7f5fc29bfc9ff6b8d69d010e7210cf8c5d6b516bc9f907f576951"", ""1a84c0d1bd2f95f9b460e2770063450f73c45db9cf00447a829cdd4235131781"", ""a622cd3f6b5b6def5d8acace50b294c96defed82698ae0b88c2778024a7c7da5"", ""b3d8c552d39af90f2cc2cb09680e97edb403d0206da68f2b9241f5ed2a997ef7"", ""edd4758887ad91be619da01c473f091f2e6c71ace0fe324cfd0d8fb3ae99299f""]"
bda18c2ae6fd32695115,deep22222_all640__learnedI_E1I1_seed404_10M · 1000448 positions,allenai/OLMo-2-0325-32B-Instruct,Local FFN16 post-norm; held SHA 32b2dd5be87377e601b170f4688e6b3c38588f2a6e959eda5b4db31606892192,local,Dendritic replacement,Local fidelity only; no capability gate,[],"[{""axis"": ""active_values"", ""label"": ""Replacement only: Replacement only: Active learned values"", ""value"": 106164664, ""unit"": ""parameters""}, {""axis"": ""value_bytes"", ""label"": ""Replacement only: Replacement only: Replacement value bytes"", ""value"": 424658656, ""unit"": ""bytes""}, {""axis"": ""replacement_state_bytes"", ""label"": ""Replacement only: Replacement only: Registered replacement tensor bytes"", ""value"": 824008765, ""unit"": ""bytes""}]","[{""benchmark"": ""Held centered reconstruction error"", ""value"": 1.0368885420020633, ""unit"": ""ratio""}, {""benchmark"": ""Held relative MSE"", ""value"": 1.0192943674764408, ""unit"": ""ratio""}, {""benchmark"": ""Held token cosine"", ""value"": 0.2745881822302181, ""unit"": ""ratio""}]",panel_16,6c5798bef3d68c38288db3bfc85a3860a499e4ff80e95f4e112faa403c4762d2__active_values__centered_relative_mse,"[""041eedcf3718ef370280c8da484566b9bc6ff9adca462aa96a4b4f3dde1bd41a"", ""6c5798bef3d68c38288db3bfc85a3860a499e4ff80e95f4e112faa403c4762d2"", ""a622cd3f6b5b6def5d8acace50b294c96defed82698ae0b88c2778024a7c7da5"", ""ca1d5d15439e1899ca0736647e1c7917c5dd4ae3a0ef571d52bf557ac1a0c411"", ""edd4758887ad91be619da01c473f091f2e6c71ace0fe324cfd0d8fb3ae99299f""]"
6b39d6bd17545f75d386,deep333_all640__learnedI_E1I1_seed404_10M · 1000448 positions,allenai/OLMo-2-0325-32B-Instruct,Local FFN16 post-norm; held SHA 32b2dd5be87377e601b170f4688e6b3c38588f2a6e959eda5b4db31606892192,local,Dendritic replacement,Local fidelity only; no capability gate,[],"[{""axis"": ""active_values"", ""label"": ""Replacement only: Replacement only: Active learned values"", ""value"": 106165450, ""unit"": ""parameters""}, {""axis"": ""value_bytes"", ""label"": ""Replacement only: Replacement only: Replacement value bytes"", ""value"": 424661800, ""unit"": ""bytes""}, {""axis"": ""replacement_state_bytes"", ""label"": ""Replacement only: Replacement only: Registered replacement tensor bytes"", ""value"": 832864273, ""unit"": ""bytes""}]","[{""benchmark"": ""Held centered reconstruction error"", ""value"": 0.9617265167759168, ""unit"": ""ratio""}, {""benchmark"": ""Held relative MSE"", ""value"": 0.9437833491005058, ""unit"": ""ratio""}, {""benchmark"": ""Held token cosine"", ""value"": 0.30797398975118995, ""unit"": ""ratio""}]",panel_16,d39717c4d587bc52487201d29653bbd92df086ed8c0f451e99cdff0ffba3c4d8__active_values__centered_relative_mse,"[""04d05270505992024df053f9ed271531794db54133be058ea2764b879126d499"", ""a28840f112b396b1fc4b0af55dfe0a38c691c01861c3dbc3b98b00a315056f4c"", ""a622cd3f6b5b6def5d8acace50b294c96defed82698ae0b88c2778024a7c7da5"", ""d39717c4d587bc52487201d29653bbd92df086ed8c0f451e99cdff0ffba3c4d8"", ""edd4758887ad91be619da01c473f091f2e6c71ace0fe324cfd0d8fb3ae99299f""]"
e236d4d2dec6e6f0b420,no_I__constant_100M · 100000256 positions,allenai/OLMo-2-0325-32B-Instruct,Local FFN16 post-norm; held SHA 32b2dd5be87377e601b170f4688e6b3c38588f2a6e959eda5b4db31606892192,local,Dendritic replacement,Local fidelity only; no capability gate,[],"[{""axis"": ""active_values"", ""label"": ""Replacement only: Replacement only: Active learned values"", ""value"": 106165560, ""unit"": ""parameters""}, {""axis"": ""value_bytes"", ""label"": ""Replacement only: Replacement only: Replacement value bytes"", ""value"": 424662240, ""unit"": ""bytes""}, {""axis"": ""replacement_state_bytes"", ""label"": ""Replacement only: Replacement only: Registered replacement tensor bytes"", ""value"": 846662961, ""unit"": ""bytes""}]","[{""benchmark"": ""Held centered reconstruction error"", ""value"": 0.6503249171784916, ""unit"": ""ratio""}, {""benchmark"": ""Held relative MSE"", ""value"": 0.6373482662081127, ""unit"": ""ratio""}, {""benchmark"": ""Held token cosine"", ""value"": 0.6246461704577086, ""unit"": ""ratio""}]",panel_16,1638ff1a2a021b6626e86e85f1ad8468adba30a75bb15042405dbcec3546e67f__active_values__centered_relative_mse,"[""0e80a4f15c7d19f348e7be425f51feca97b3cb69cd393c64732f5bd4b11fc8de"", ""13390a6d109b622025111fece1896949118bab4eb77de021ef872af54b48ba7a"", ""1638ff1a2a021b6626e86e85f1ad8468adba30a75bb15042405dbcec3546e67f"", ""2690cd7a534bc47ba9ef903531147abdfefb783ad4d84590d545f0664064dff1"", ""5097f7cffffb2d6b1274925e5ba1195656284b4a13cfe04e9e42b2ee246a4483""]"
0bc7fce542c826535db5,population_I__constant_100M · 100000256 positions,allenai/OLMo-2-0325-32B-Instruct,Local FFN16 post-norm; held SHA 32b2dd5be87377e601b170f4688e6b3c38588f2a6e959eda5b4db31606892192,local,Dendritic replacement,Local fidelity only; no capability gate,[],"[{""axis"": ""active_values"", ""label"": ""Replacement only: Replacement only: Active learned values"", ""value"": 106165560, ""unit"": ""parameters""}, {""axis"": ""value_bytes"", ""label"": ""Replacement only: Replacement only: Replacement value bytes"", ""value"": 424662240, ""unit"": ""bytes""}, {""axis"": ""replacement_state_bytes"", ""label"": ""Replacement only: Replacement only: Registered replacement tensor bytes"", ""value"": 846663043, ""unit"": ""bytes""}]","[{""benchmark"": ""Held centered reconstruction error"", ""value"": 0.5893121032768778, ""unit"": ""ratio""}, {""benchmark"": ""Held relative MSE"", ""value"": 0.577740880350652, ""unit"": ""ratio""}, {""benchmark"": ""Held token cosine"", ""value"": 0.6693916729855118, ""unit"": ""ratio""}]",panel_16,49be608003ad38dd4cb3a791d3e03f9a6adb433f0907aaf693d6d8ee54109a4b__active_values__centered_relative_mse,"[""1f8b3c5335d1f2da4bcc0a5871acf636bb75f7ecd93f616d7e3c22a9215fca6b"", ""2690cd7a534bc47ba9ef903531147abdfefb783ad4d84590d545f0664064dff1"", ""49be608003ad38dd4cb3a791d3e03f9a6adb433f0907aaf693d6d8ee54109a4b"", ""5097f7cffffb2d6b1274925e5ba1195656284b4a13cfe04e9e42b2ee246a4483"", ""d9bc9f161bff4e98a32275c1cc40405afae883ddcc07dfe346f9ecc1929f81ac""]"
recovered_pair_full_20260918_v2__joint_bf16,joint bf16,allenai/OLMo-2-0325-32B-Instruct,Original BF16/eager H100; full capability evaluation pending,pending,Dendritic + quantization,Capability pending; artifact reload qualified,[],"[{""axis"": ""whole_registered_bytes"", ""label"": ""Whole-model registered bytes"", ""value"": 17045159080, ""unit"": ""bytes""}]",[],,,"[""49c853f3b6106ffa81f1121df40138d97a7f90949b3c54eef46e1d1c49a1dba5"", ""4cb4c65be13a7dacea3ad1670463a005a9c14d4d64afdb565897a5aba3e175bf""]"
recovered_pair_full_20260918_v2__joint_int4,joint int4,allenai/OLMo-2-0325-32B-Instruct,Original BF16/eager H100; full capability evaluation pending,pending,Dendritic + quantization,Capability pending; artifact reload qualified,[],"[{""axis"": ""whole_registered_bytes"", ""label"": ""Whole-model registered bytes"", ""value"": 16891669364, ""unit"": ""bytes""}]",[],,,"[""ff308c0176838b23482cac698ffcbef659b4e47c3a62ccad9eda9086526dd5b2"", ""80661223dd8a7c5ca9151f935362d90081ade934220e573a54398eb779735dad""]"
recovered_pair_full_20260918_v2__joint_int8,joint int8,allenai/OLMo-2-0325-32B-Instruct,Original BF16/eager H100; full capability evaluation pending,pending,Dendritic + quantization,Capability pending; artifact reload qualified,[],"[{""axis"": ""whole_registered_bytes"", ""label"": ""Whole-model registered bytes"", ""value"": 16944747984, ""unit"": ""bytes""}]",[],,,"[""382d4ca74a8fde153dfb7ab0e458575bf41cf34d972332db69630281fe67e2bb"", ""67b86ae21e2b77aea42875bfa3a63044834089a1434c7d26dc0aa5d1b0998b66""]"
attention_full_20260918_v1__native_q16_bf16,native q16 bf16,allenai/OLMo-2-0325-32B-Instruct,Original BF16/eager H100; full capability evaluation pending,pending,Dendritic + quantization,Capability pending; artifact reload qualified,[],"[{""axis"": ""whole_registered_bytes"", ""label"": ""Whole-model registered bytes"", ""value"": 17121060216, ""unit"": ""bytes""}]",[],,,"[""8f9e0dbb5731c2616ac6a3223bc55673e88d3dcd7c3ce69f63fec24f2eb3ff06"", ""b4ae70a91effbcf4ec8eae133805666d70347c7baa5148ea50c5dfb22b2c9ce9""]"
attention_full_20260918_v1__native_q16_int8,native q16 int8,allenai/OLMo-2-0325-32B-Instruct,Original BF16/eager H100; full capability evaluation pending,pending,Dendritic + quantization,Capability pending; artifact reload qualified,[],"[{""axis"": ""whole_registered_bytes"", ""label"": ""Whole-model registered bytes"", ""value"": 17119569972, ""unit"": ""bytes""}]",[],,,"[""4aeeb4d59764aa7e4dbb5b42a986752faca1dd57185828d63f16b8c09e51bf42"", ""0df23b291e2241b9cbc66954e235a2a481a9af9e86f90b0627db266922fa5caa""]"
recovered_pair_full_20260918_v2__sequential_bf16,sequential bf16,allenai/OLMo-2-0325-32B-Instruct,Original BF16/eager H100; full capability evaluation pending,pending,Dendritic + quantization,Capability pending; artifact reload qualified,[],"[{""axis"": ""whole_registered_bytes"", ""label"": ""Whole-model registered bytes"", ""value"": 17045159080, ""unit"": ""bytes""}]",[],,,"[""3e4123a38d5633aa7ee952c54832a949c2c84800f00d1d57982f37233f27dca9"", ""4c978dcf9807b0956f58a143788dd37feb2661ee496c48a381d87a53c7d4f704""]"
recovered_pair_full_20260918_v2__sequential_int4,sequential int4,allenai/OLMo-2-0325-32B-Instruct,Original BF16/eager H100; full capability evaluation pending,pending,Dendritic + quantization,Capability pending; artifact reload qualified,[],"[{""axis"": ""whole_registered_bytes"", ""label"": ""Whole-model registered bytes"", ""value"": 16891669364, ""unit"": ""bytes""}]",[],,,"[""c6a7e6c62fb6ac009ef26c7b99277d2aa704b956b0d0018ac564cb573a633699"", ""a2f21838d482e12e8ab887c0fd413a2e1876ed454ad5e4759ed7061757ee3c8a""]"
recovered_pair_full_20260918_v2__sequential_int8,sequential int8,allenai/OLMo-2-0325-32B-Instruct,Original BF16/eager H100; full capability evaluation pending,pending,Dendritic + quantization,Capability pending; artifact reload qualified,[],"[{""axis"": ""whole_registered_bytes"", ""label"": ""Whole-model registered bytes"", ""value"": 16944747984, ""unit"": ""bytes""}]",[],,,"[""bef9ba042c4893711ace0faa305ab79dfbfe1c280e0ce6dea34f3488468d5800"", ""1d375ed68f8e0b91650b1b1ef9d028b8a1735f8cfae0ba92fe9d8f0305443108""]"
ce76e6a22fd919a3b977,1e-4_endpoint,allenai/OLMo-2-0325-32B-Instruct,exp_20260911_recovery_learning_rates | fixed_GSM64_MC192_diagnostic,registry-reported,Dendritic replacement,negative (experiment assessment; see original gate record),[],"[{""axis"": ""reported_compression"", ""label"": ""Registered compression (scope in record)"", ""value"": 1.1014612604906093, ""unit"": ""factor""}]","[{""benchmark"": ""GSM correct"", ""value"": 52, ""unit"": ""items""}, {""benchmark"": ""MC correct"", ""value"": 166, ""unit"": ""items""}]",panel_187,exp_20260911_recovery_learning_rates:3:0,"[""7d10a7f108ea50ddaebe5d4768f0a34026e485721a9f2ef041e9bfb5bf8b1f1a""]"
63ab548ca9f0a269f786,1e-4_selected,allenai/OLMo-2-0325-32B-Instruct,exp_20260911_recovery_learning_rates | fixed_GSM64_MC192_diagnostic,registry-reported,Dendritic replacement,negative (experiment assessment; see original gate record),[],"[{""axis"": ""reported_compression"", ""label"": ""Registered compression (scope in record)"", ""value"": 1.1014612604906093, ""unit"": ""factor""}]","[{""benchmark"": ""GSM correct"", ""value"": 52, ""unit"": ""items""}, {""benchmark"": ""MC correct"", ""value"": 166, ""unit"": ""items""}]",panel_187,exp_20260911_recovery_learning_rates:7:4,"[""7d10a7f108ea50ddaebe5d4768f0a34026e485721a9f2ef041e9bfb5bf8b1f1a""]"
3b0c947f2aa4f4a8ab30,32B complete attention Q/K/V/O INT4 control for dendritic complementarity,allenai/OLMo-2-0325-32B-Instruct,exp_20260910_32b_attention_int4_control | synthetic copy32 windows length2048,registry-reported,Quantization / pruning / deletion,inconclusive (experiment assessment; see original gate record),[],"[{""axis"": ""whole_registered_bytes"", ""label"": ""Whole-model registered bytes"", ""value"": 58620127488, ""unit"": ""bytes""}]","[{""benchmark"": ""Copy2048 perplexity ratio"", ""value"": 1.0549515019511952, ""unit"": ""ratio""}]",panel_28,exp_20260910_32b_attention_int4_control:1:6,"[""7cf94a0cbac94d1ab547185257a9780191f3ed8add90e4cd146fad85c3faee6f""]"
62fc8c77b2208628214f,32B complete attention Q/K/V/O INT4 control for dendritic complementarity,allenai/OLMo-2-0325-32B-Instruct,exp_20260910_32b_attention_int4_control | synthetic copy32 windows length512,registry-reported,Quantization / pruning / deletion,inconclusive (experiment assessment; see original gate record),[],"[{""axis"": ""whole_registered_bytes"", ""label"": ""Whole-model registered bytes"", ""value"": 58620127488, ""unit"": ""bytes""}]","[{""benchmark"": ""Copy512 perplexity ratio"", ""value"": 0.9763717780778361, ""unit"": ""ratio""}]",panel_27,exp_20260910_32b_attention_int4_control:1:5,"[""7cf94a0cbac94d1ab547185257a9780191f3ed8add90e4cd146fad85c3faee6f""]"
c366a8ba04763d8f87cb,32B complete attention Q/K/V/O INT4 control for dendritic complementarity,allenai/OLMo-2-0325-32B-Instruct,exp_20260910_32b_attention_int4_control | six-task fixed development prefix n=192,registry-reported,Quantization / pruning / deletion,inconclusive (experiment assessment; see original gate record),[],"[{""axis"": ""whole_registered_bytes"", ""label"": ""Whole-model registered bytes"", ""value"": 58620127488, ""unit"": ""bytes""}]","[{""benchmark"": ""MC correct"", ""value"": 169, ""unit"": ""items""}]",panel_26,exp_20260910_32b_attention_int4_control:1:3,"[""7cf94a0cbac94d1ab547185257a9780191f3ed8add90e4cd146fad85c3faee6f""]"
d1a1f7b231c9431976a8,32B complete attention Q/K/V/O INT4 control for dendritic complementarity,allenai/OLMo-2-0325-32B-Instruct,exp_20260910_32b_attention_int4_control | GSM8K fixed development prefix n=64,registry-reported,Quantization / pruning / deletion,inconclusive (experiment assessment; see original gate record),[],"[{""axis"": ""whole_registered_bytes"", ""label"": ""Whole-model registered bytes"", ""value"": 58620127488, ""unit"": ""bytes""}]","[{""benchmark"": ""GSM correct"", ""value"": 56, ""unit"": ""items""}]",panel_25,exp_20260910_32b_attention_int4_control:1:2,"[""7cf94a0cbac94d1ab547185257a9780191f3ed8add90e4cd146fad85c3faee6f""]"
c7a7756a6c8151281aba,3e-4_endpoint,allenai/OLMo-2-0325-32B-Instruct,exp_20260911_recovery_learning_rates | fixed_GSM64_MC192_diagnostic,registry-reported,Dendritic replacement,negative (experiment assessment; see original gate record),[],"[{""axis"": ""reported_compression"", ""label"": ""Registered compression (scope in record)"", ""value"": 1.1014612604906093, ""unit"": ""factor""}]","[{""benchmark"": ""GSM correct"", ""value"": 51, ""unit"": ""items""}, {""benchmark"": ""MC correct"", ""value"": 166, ""unit"": ""items""}]",panel_187,exp_20260911_recovery_learning_rates:19:16,"[""7d10a7f108ea50ddaebe5d4768f0a34026e485721a9f2ef041e9bfb5bf8b1f1a""]"
d4fabd5807b0d7106583,3e-4_selected,allenai/OLMo-2-0325-32B-Instruct,exp_20260911_recovery_learning_rates | fixed_GSM64_MC192_diagnostic,registry-reported,Dendritic replacement,negative (experiment assessment; see original gate record),[],"[{""axis"": ""reported_compression"", ""label"": ""Registered compression (scope in record)"", ""value"": 1.1014612604906093, ""unit"": ""factor""}]","[{""benchmark"": ""GSM correct"", ""value"": 49, ""unit"": ""items""}, {""benchmark"": ""MC correct"", ""value"": 165, ""unit"": ""items""}]",panel_187,exp_20260911_recovery_learning_rates:23:20,"[""7d10a7f108ea50ddaebe5d4768f0a34026e485721a9f2ef041e9bfb5bf8b1f1a""]"
bf3561515adc196a67ab,3e-5_endpoint,allenai/OLMo-2-0325-32B-Instruct,exp_20260911_recovery_learning_rates | fixed_GSM64_MC192_diagnostic,registry-reported,Dendritic replacement,negative (experiment assessment; see original gate record),[],"[{""axis"": ""reported_compression"", ""label"": ""Registered compression (scope in record)"", ""value"": 1.1014612604906093, ""unit"": ""factor""}]","[{""benchmark"": ""GSM correct"", ""value"": 50, ""unit"": ""items""}, {""benchmark"": ""MC correct"", ""value"": 165, ""unit"": ""items""}]",panel_187,exp_20260911_recovery_learning_rates:11:8,"[""7d10a7f108ea50ddaebe5d4768f0a34026e485721a9f2ef041e9bfb5bf8b1f1a""]"
4c05d0a541a58a2e5620,3e-5_selected,allenai/OLMo-2-0325-32B-Instruct,exp_20260911_recovery_learning_rates | fixed_GSM64_MC192_diagnostic,registry-reported,Dendritic replacement,negative (experiment assessment; see original gate record),[],"[{""axis"": ""reported_compression"", ""label"": ""Registered compression (scope in record)"", ""value"": 1.1014612604906093, ""unit"": ""factor""}]","[{""benchmark"": ""GSM correct"", ""value"": 50, ""unit"": ""items""}, {""benchmark"": ""MC correct"", ""value"": 165, ""unit"": ""items""}]",panel_187,exp_20260911_recovery_learning_rates:15:12,"[""7d10a7f108ea50ddaebe5d4768f0a34026e485721a9f2ef041e9bfb5bf8b1f1a""]"
ca88e9be96f6095ba766,Exact current FFN17 cell ablation on the 3.814x native hybrid with INT8 tables,allenai/OLMo-2-0325-32B-Instruct,exp_20260915_current_joint_b_zero | development,registry-reported,Dendritic + quantization,inconclusive (experiment assessment; see original gate record),[],"[{""axis"": ""registered_unspecified"", ""label"": ""Registered bytes (scope in record)"", ""value"": 16902199106, ""unit"": ""bytes""}]","[{""benchmark"": ""GSM correct"", ""value"": 920, ""unit"": ""count""}, {""benchmark"": ""MC correct"", ""value"": 5260, ""unit"": ""count""}, {""benchmark"": ""Answered and stopped"", ""value"": 1016, ""unit"": ""count""}]",panel_112,exp_20260915_current_joint_b_zero:3:0,"[""c2861e86d2504416bb56d737c0ee5e6990376c3a5654c5231c159daf491297d8""]"
0b5e265fbb8340ac3fea,INT4_direct,allenai/OLMo-2-0325-32B-Instruct,exp_20260910_full_coverage_32b | Frozen development prefix and independent C4/copy,registry-reported,Dendritic + quantization,negative; direct full-coverage screen,[],"[{""axis"": ""whole_registered_bytes"", ""label"": ""Whole-model registered bytes"", ""value"": 11055915144, ""unit"": ""bytes""}, {""axis"": ""whole_compression"", ""label"": ""Whole-model registered compression"", ""value"": 5.831137385581946, ""unit"": ""factor""}]","[{""benchmark"": ""GSM correct"", ""value"": 0, ""unit"": ""items""}, {""benchmark"": ""MC correct"", ""value"": 68, ""unit"": ""items""}, {""benchmark"": ""C4 teacher KL"", ""value"": 9.905506322810457, ""unit"": ""nats/token""}, {""benchmark"": ""C4 upper95 NLL increase"", ""value"": 9.628921416537644, ""unit"": ""nats/token""}]",panel_231,exp_20260910_full_coverage_32b:explicit:full64_int4_registered_model_bytes:INT4_direct_GSM_correct,"[""508dfd08030b35175407669c596bd890dc2e7d7644a1e3996a0054978d8ee1a9""]"
0f08ce6974c19562a1b3,Original-teacher full battery for the complete native two-cell plus INT8-boundary hybrid,allenai/OLMo-2-0325-32B-Instruct,exp_20260914_boundary_int8_full_development | full_development,registry-reported,Dendritic + quantization,positive (experiment assessment; see original gate record),[],"[{""axis"": ""whole_registered_bytes"", ""label"": ""Whole-model registered bytes"", ""value"": 16902199106, ""unit"": ""bytes""}, {""axis"": ""whole_compression"", ""label"": ""Whole-model registered compression"", ""value"": 3.814211377093217, ""unit"": ""factor""}]","[{""benchmark"": ""GSM correct"", ""value"": 916, ""unit"": ""count""}, {""benchmark"": ""MC correct"", ""value"": 5260, ""unit"": ""count""}, {""benchmark"": ""Answered and stopped"", ""value"": 1016, ""unit"": ""count""}]",panel_42,exp_20260914_boundary_int8_full_development:8:5,"[""2d5ae8f8833196a6d52dbeb4592005a1ad27848d5142e8d6a3fdc0d21e15bc47""]"
6d1ec85bebd960af7834,Original-teacher full battery for the complete native two-cell plus INT8-boundary hybrid,allenai/OLMo-2-0325-32B-Instruct,exp_20260914_boundary_int8_full_development | fixed_full_development_quality,registry-reported,Dendritic + quantization,positive (experiment assessment; see original gate record),[],"[{""axis"": ""whole_registered_bytes"", ""label"": ""Whole-model registered bytes"", ""value"": 16902199106, ""unit"": ""bytes""}, {""axis"": ""whole_compression"", ""label"": ""Whole-model registered compression"", ""value"": 3.814211377093217, ""unit"": ""factor""}]","[{""benchmark"": ""C4 upper95 NLL increase"", ""value"": 0.03361832203405728, ""unit"": ""nats/token""}, {""benchmark"": ""Copy512 perplexity ratio"", ""value"": 1.0536033677990735, ""unit"": ""ratio""}, {""benchmark"": ""Copy2048 perplexity ratio"", ""value"": 1.022636682431672, ""unit"": ""ratio""}]",panel_39,exp_20260914_boundary_int8_full_development:8:2,"[""2d5ae8f8833196a6d52dbeb4592005a1ad27848d5142e8d6a3fdc0d21e15bc47""]"
1b99cb191dcd8686216f,Physical FFN16-only deletion on the INT8-table parent,allenai/OLMo-2-0325-32B-Instruct,exp_20260916_cell_free_single16 | Original H100 BF16 full development,registry-reported,Quantization / pruning / deletion,positive (experiment assessment; see original gate record),[],"[{""axis"": ""whole_registered_bytes"", ""label"": ""Whole-model registered bytes"", ""value"": 16908925184, ""unit"": ""bytes""}, {""axis"": ""whole_compression"", ""label"": ""Whole-model registered compression"", ""value"": 3.812694149773819, ""unit"": ""factor""}]","[{""benchmark"": ""GSM correct"", ""value"": 924, ""unit"": ""items""}, {""benchmark"": ""MC correct"", ""value"": 5263, ""unit"": ""items""}, {""benchmark"": ""Answered and stopped"", ""value"": 1019, ""unit"": ""items""}]",panel_189,exp_20260916_cell_free_single16:2:0,"[""5d02c3a525af52971c204ee0eb844eb551f19d692d3d7640690bac30f9b59ce4""]"
25ece3dddcd887041dd6,balanced,allenai/OLMo-2-0325-32B-Instruct,exp_20260911_whole32b_broader_int4_calibration | Fixed 32-window copy2048 gate,registry-reported,Quantization / pruning / deletion,inconclusive (experiment assessment; see original gate record),[],"[{""axis"": ""whole_registered_bytes"", ""label"": ""Whole-model registered bytes"", ""value"": 19130362112, ""unit"": ""bytes""}, {""axis"": ""whole_compression"", ""label"": ""Whole-model registered compression"", ""value"": 3.3699602626737772, ""unit"": ""factor""}]","[{""benchmark"": ""Copy2048 perplexity ratio"", ""value"": 1.0910204502902898, ""unit"": ""ratio""}]",panel_210,exp_20260911_whole32b_broader_int4_calibration:0:7,"[""c8cea08fc5be2889e00b9136680ba5e1fe994057d0997c22e288cfbdacd709ab""]"
c66759f3f7dda0a5bf25,balanced,allenai/OLMo-2-0325-32B-Instruct,exp_20260911_whole32b_broader_int4_calibration | Frozen 64-item GSM train development prefix,registry-reported,Quantization / pruning / deletion,inconclusive (experiment assessment; see original gate record),[],"[{""axis"": ""whole_registered_bytes"", ""label"": ""Whole-model registered bytes"", ""value"": 19130362112, ""unit"": ""bytes""}, {""axis"": ""whole_compression"", ""label"": ""Whole-model registered compression"", ""value"": 3.3699602626737772, ""unit"": ""factor""}]","[{""benchmark"": ""GSM correct"", ""value"": 56, ""unit"": ""items""}]",panel_207,exp_20260911_whole32b_broader_int4_calibration:0:3,"[""c8cea08fc5be2889e00b9136680ba5e1fe994057d0997c22e288cfbdacd709ab""]"
e6e01aef84b910e77b7d,balanced,allenai/OLMo-2-0325-32B-Instruct,exp_20260911_whole32b_broader_int4_calibration | Frozen 192-item MC train development prefix,registry-reported,Quantization / pruning / deletion,inconclusive (experiment assessment; see original gate record),[],"[{""axis"": ""whole_registered_bytes"", ""label"": ""Whole-model registered bytes"", ""value"": 19130362112, ""unit"": ""bytes""}, {""axis"": ""whole_compression"", ""label"": ""Whole-model registered compression"", ""value"": 3.3699602626737772, ""unit"": ""factor""}]","[{""benchmark"": ""MC correct"", ""value"": 168, ""unit"": ""items""}]",panel_208,exp_20260911_whole32b_broader_int4_calibration:0:4,"[""c8cea08fc5be2889e00b9136680ba5e1fe994057d0997c22e288cfbdacd709ab""]"
f91c7c4f16192e6db5a5,balanced,allenai/OLMo-2-0325-32B-Instruct,exp_20260911_whole32b_broader_int4_calibration | Fixed 32-window copy512 gate,registry-reported,Quantization / pruning / deletion,inconclusive (experiment assessment; see original gate record),[],"[{""axis"": ""whole_registered_bytes"", ""label"": ""Whole-model registered bytes"", ""value"": 19130362112, ""unit"": ""bytes""}, {""axis"": ""whole_compression"", ""label"": ""Whole-model registered compression"", ""value"": 3.3699602626737772, ""unit"": ""factor""}]","[{""benchmark"": ""Copy512 perplexity ratio"", ""value"": 1.100414945253962, ""unit"": ""ratio""}]",panel_209,exp_20260911_whole32b_broader_int4_calibration:0:6,"[""c8cea08fc5be2889e00b9136680ba5e1fe994057d0997c22e288cfbdacd709ab""]"
466114487f94f0ee4a3d,bf16_direct,allenai/OLMo-2-0325-32B-Instruct,exp_20260910_packed_full64_cells | Frozen development prefix and independent C4/copy,registry-reported,Dendritic replacement,negative; direct full-coverage screen,[],"[{""axis"": ""whole_registered_bytes"", ""label"": ""Whole-model registered bytes"", ""value"": 7846528496, ""unit"": ""bytes""}, {""axis"": ""whole_compression"", ""label"": ""Whole-model registered compression"", ""value"": 8.216188873954227, ""unit"": ""factor""}]","[{""benchmark"": ""GSM correct"", ""value"": 0, ""unit"": ""items""}, {""benchmark"": ""MC correct"", ""value"": 67, ""unit"": ""items""}, {""benchmark"": ""C4 teacher KL"", ""value"": 9.906607565681867, ""unit"": ""nats/token""}, {""benchmark"": ""C4 upper95 NLL increase"", ""value"": 9.629694358781899, ""unit"": ""nats/token""}]",panel_239,exp_20260910_packed_full64_cells:explicit:bf16_whole_registered_bytes:bf16_direct_GSM_correct,"[""e3590ace761881a6ff327b5f41c216068a50a2964e447a87a91881916dcee675""]"
7c0af9e177bb53fe441e,branch_contact_span24_31_leaves4_contacts4x,allenai/OLMo-2-0325-32B-Instruct,exp_20260909_32b_disjoint_eight_ffn_chunks | GSM8K fixed development prefix n=64,registry-reported,Dendritic replacement,negative (experiment assessment; see original gate record),[],"[{""axis"": ""reported_compression"", ""label"": ""Registered compression (scope in record)"", ""value"": 1.1015929315141295, ""unit"": ""factor""}]","[{""benchmark"": ""GSM correct"", ""value"": 46, ""unit"": ""items""}]",panel_118,exp_20260909_32b_disjoint_eight_ffn_chunks:6:2,"[""9069998d2b5ddfe42fcf706a5f069d4eff560405b5bcd52b5c43d2e6bcd918da""]"
b058ad88096a5d9e65ce,branch_contact_span24_31_leaves4_contacts4x,allenai/OLMo-2-0325-32B-Instruct,exp_20260909_32b_disjoint_eight_ffn_chunks | six-task fixed development prefix n=192,registry-reported,Dendritic replacement,negative (experiment assessment; see original gate record),[],"[{""axis"": ""reported_compression"", ""label"": ""Registered compression (scope in record)"", ""value"": 1.1015929315141295, ""unit"": ""factor""}]","[{""benchmark"": ""MC correct"", ""value"": 161, ""unit"": ""items""}]",panel_119,exp_20260909_32b_disjoint_eight_ffn_chunks:6:3,"[""9069998d2b5ddfe42fcf706a5f069d4eff560405b5bcd52b5c43d2e6bcd918da""]"
c97814cebe8e09f37492,branch_contact_span24_31_leaves4_contacts4x,allenai/OLMo-2-0325-32B-Instruct,exp_20260909_32b_disjoint_eight_ffn_chunks | fixed synthetic copy32 length2048,registry-reported,Dendritic replacement,negative (experiment assessment; see original gate record),[],"[{""axis"": ""reported_compression"", ""label"": ""Registered compression (scope in record)"", ""value"": 1.1015929315141295, ""unit"": ""factor""}]","[{""benchmark"": ""Copy2048 perplexity ratio"", ""value"": 1.02242796521155, ""unit"": ""ratio""}]",panel_120,exp_20260909_32b_disjoint_eight_ffn_chunks:6:5,"[""9069998d2b5ddfe42fcf706a5f069d4eff560405b5bcd52b5c43d2e6bcd918da""]"
442fe0026fd47b07fa4b,branch_contact_span8_leaves16_contacts2x,allenai/OLMo-2-0325-32B-Instruct,exp_20260909_branch_contact_neuron_allocation | six-task fixed development prefix n=192,registry-reported,Dendritic replacement,mixed (experiment assessment; see original gate record),[],"[{""axis"": ""reported_compression"", ""label"": ""Registered compression (scope in record)"", ""value"": 1.1015929694617765, ""unit"": ""factor""}]","[{""benchmark"": ""MC correct"", ""value"": 167, ""unit"": ""items""}]",panel_52,exp_20260909_branch_contact_neuron_allocation:48:45,"[""b9201c57a3adaad6444ed909a8dc950ce68664dcd5472084c1cc854526c60034""]"
f43991deea390feab9b8,branch_contact_span8_leaves16_contacts2x,allenai/OLMo-2-0325-32B-Instruct,exp_20260909_branch_contact_neuron_allocation | GSM8K fixed development prefix n=64,registry-reported,Dendritic replacement,mixed (experiment assessment; see original gate record),[],"[{""axis"": ""reported_compression"", ""label"": ""Registered compression (scope in record)"", ""value"": 1.1015929694617765, ""unit"": ""factor""}]","[{""benchmark"": ""GSM correct"", ""value"": 49, ""unit"": ""items""}]",panel_51,exp_20260909_branch_contact_neuron_allocation:48:44,"[""b9201c57a3adaad6444ed909a8dc950ce68664dcd5472084c1cc854526c60034""]"
fe574bfa150679470636,branch_contact_span8_leaves16_contacts2x,allenai/OLMo-2-0325-32B-Instruct,exp_20260909_branch_contact_neuron_allocation | fixed synthetic copy32 length2048,registry-reported,Dendritic replacement,mixed (experiment assessment; see original gate record),[],"[{""axis"": ""reported_compression"", ""label"": ""Registered compression (scope in record)"", ""value"": 1.1015929694617765, ""unit"": ""factor""}]","[{""benchmark"": ""Copy2048 perplexity ratio"", ""value"": 1.01776877260752, ""unit"": ""ratio""}]",panel_53,exp_20260909_branch_contact_neuron_allocation:48:47,"[""b9201c57a3adaad6444ed909a8dc950ce68664dcd5472084c1cc854526c60034""]"
40b20a32cef8907e3248,branch_contact_span8_leaves16_contacts4x,allenai/OLMo-2-0325-32B-Instruct,exp_20260909_branch_contact_neuron_allocation | GSM8K fixed development prefix n=64,registry-reported,Dendritic replacement,mixed (experiment assessment; see original gate record),[],"[{""axis"": ""reported_compression"", ""label"": ""Registered compression (scope in record)"", ""value"": 1.1015931170359845, ""unit"": ""factor""}]","[{""benchmark"": ""GSM correct"", ""value"": 47, ""unit"": ""items""}]",panel_51,exp_20260909_branch_contact_neuron_allocation:54:50,"[""b9201c57a3adaad6444ed909a8dc950ce68664dcd5472084c1cc854526c60034""]"
7b1272049b2878bdb798,branch_contact_span8_leaves16_contacts4x,allenai/OLMo-2-0325-32B-Instruct,exp_20260909_branch_contact_neuron_allocation | fixed synthetic copy32 length2048,registry-reported,Dendritic replacement,mixed (experiment assessment; see original gate record),[],"[{""axis"": ""reported_compression"", ""label"": ""Registered compression (scope in record)"", ""value"": 1.1015931170359845, ""unit"": ""factor""}]","[{""benchmark"": ""Copy2048 perplexity ratio"", ""value"": 1.010622630863735, ""unit"": ""ratio""}]",panel_53,exp_20260909_branch_contact_neuron_allocation:54:53,"[""b9201c57a3adaad6444ed909a8dc950ce68664dcd5472084c1cc854526c60034""]"
b0b6202d4c0b54a5ac2b,branch_contact_span8_leaves16_contacts4x,allenai/OLMo-2-0325-32B-Instruct,exp_20260909_branch_contact_neuron_allocation | six-task fixed development prefix n=192,registry-reported,Dendritic replacement,mixed (experiment assessment; see original gate record),[],"[{""axis"": ""reported_compression"", ""label"": ""Registered compression (scope in record)"", ""value"": 1.1015931170359845, ""unit"": ""factor""}]","[{""benchmark"": ""MC correct"", ""value"": 167, ""unit"": ""items""}]",panel_52,exp_20260909_branch_contact_neuron_allocation:54:51,"[""b9201c57a3adaad6444ed909a8dc950ce68664dcd5472084c1cc854526c60034""]"
36b13ceac9beb376e0ec,branch_contact_span8_leaves16_contacts8x,allenai/OLMo-2-0325-32B-Instruct,exp_20260909_branch_contact_neuron_allocation | GSM8K fixed development prefix n=64,registry-reported,Dendritic replacement,mixed (experiment assessment; see original gate record),[],"[{""axis"": ""reported_compression"", ""label"": ""Registered compression (scope in record)"", ""value"": 1.1015930778836398, ""unit"": ""factor""}]","[{""benchmark"": ""GSM correct"", ""value"": 45, ""unit"": ""items""}]",panel_51,exp_20260909_branch_contact_neuron_allocation:30:26,"[""b9201c57a3adaad6444ed909a8dc950ce68664dcd5472084c1cc854526c60034""]"
929f0cb545201e27ddc5,branch_contact_span8_leaves16_contacts8x,allenai/OLMo-2-0325-32B-Instruct,exp_20260909_branch_contact_neuron_allocation | fixed synthetic copy32 length2048,registry-reported,Dendritic replacement,mixed (experiment assessment; see original gate record),[],"[{""axis"": ""reported_compression"", ""label"": ""Registered compression (scope in record)"", ""value"": 1.1015930778836398, ""unit"": ""factor""}]","[{""benchmark"": ""Copy2048 perplexity ratio"", ""value"": 1.0122427060130785, ""unit"": ""ratio""}]",panel_53,exp_20260909_branch_contact_neuron_allocation:30:29,"[""b9201c57a3adaad6444ed909a8dc950ce68664dcd5472084c1cc854526c60034""]"
fe2b0692245a3f2c0a2b,branch_contact_span8_leaves16_contacts8x,allenai/OLMo-2-0325-32B-Instruct,exp_20260909_branch_contact_neuron_allocation | six-task fixed development prefix n=192,registry-reported,Dendritic replacement,mixed (experiment assessment; see original gate record),[],"[{""axis"": ""reported_compression"", ""label"": ""Registered compression (scope in record)"", ""value"": 1.1015930778836398, ""unit"": ""factor""}]","[{""benchmark"": ""MC correct"", ""value"": 167, ""unit"": ""items""}]",panel_52,exp_20260909_branch_contact_neuron_allocation:30:27,"[""b9201c57a3adaad6444ed909a8dc950ce68664dcd5472084c1cc854526c60034""]"
2fbc3d3e5a4cd8747035,branch_contact_span8_leaves32_contacts16x,allenai/OLMo-2-0325-32B-Instruct,exp_20260909_branch_contact_neuron_allocation | fixed synthetic copy32 length2048,registry-reported,Dendritic replacement,mixed (experiment assessment; see original gate record),[],"[{""axis"": ""reported_compression"", ""label"": ""Registered compression (scope in record)"", ""value"": 1.1015930242750491, ""unit"": ""factor""}]","[{""benchmark"": ""Copy2048 perplexity ratio"", ""value"": 1.0194258099996034, ""unit"": ""ratio""}]",panel_53,exp_20260909_branch_contact_neuron_allocation:36:35,"[""b9201c57a3adaad6444ed909a8dc950ce68664dcd5472084c1cc854526c60034""]"
367ff64fea43019da098,branch_contact_span8_leaves32_contacts16x,allenai/OLMo-2-0325-32B-Instruct,exp_20260909_branch_contact_neuron_allocation | GSM8K fixed development prefix n=64,registry-reported,Dendritic replacement,mixed (experiment assessment; see original gate record),[],"[{""axis"": ""reported_compression"", ""label"": ""Registered compression (scope in record)"", ""value"": 1.1015930242750491, ""unit"": ""factor""}]","[{""benchmark"": ""GSM correct"", ""value"": 48, ""unit"": ""items""}]",panel_51,exp_20260909_branch_contact_neuron_allocation:36:32,"[""b9201c57a3adaad6444ed909a8dc950ce68664dcd5472084c1cc854526c60034""]"
9210a7f3385eff6ce686,branch_contact_span8_leaves32_contacts16x,allenai/OLMo-2-0325-32B-Instruct,exp_20260909_branch_contact_neuron_allocation | six-task fixed development prefix n=192,registry-reported,Dendritic replacement,mixed (experiment assessment; see original gate record),[],"[{""axis"": ""reported_compression"", ""label"": ""Registered compression (scope in record)"", ""value"": 1.1015930242750491, ""unit"": ""factor""}]","[{""benchmark"": ""MC correct"", ""value"": 168, ""unit"": ""items""}]",panel_52,exp_20260909_branch_contact_neuron_allocation:36:33,"[""b9201c57a3adaad6444ed909a8dc950ce68664dcd5472084c1cc854526c60034""]"
44095991ea527655dfb7,branch_contact_span8_leaves32_contacts2x,allenai/OLMo-2-0325-32B-Instruct,exp_20260909_branch_contact_neuron_allocation | six-task fixed development prefix n=192,registry-reported,Dendritic replacement,mixed (experiment assessment; see original gate record),[],"[{""axis"": ""reported_compression"", ""label"": ""Registered compression (scope in record)"", ""value"": 1.1015934164009282, ""unit"": ""factor""}]","[{""benchmark"": ""MC correct"", ""value"": 168, ""unit"": ""items""}]",panel_52,exp_20260909_branch_contact_neuron_allocation:60:57,"[""b9201c57a3adaad6444ed909a8dc950ce68664dcd5472084c1cc854526c60034""]"
a318e85adca2b38b8c59,branch_contact_span8_leaves32_contacts2x,allenai/OLMo-2-0325-32B-Instruct,exp_20260909_branch_contact_neuron_allocation | GSM8K fixed development prefix n=64,registry-reported,Dendritic replacement,mixed (experiment assessment; see original gate record),[],"[{""axis"": ""reported_compression"", ""label"": ""Registered compression (scope in record)"", ""value"": 1.1015934164009282, ""unit"": ""factor""}]","[{""benchmark"": ""GSM correct"", ""value"": 46, ""unit"": ""items""}]",panel_51,exp_20260909_branch_contact_neuron_allocation:60:56,"[""b9201c57a3adaad6444ed909a8dc950ce68664dcd5472084c1cc854526c60034""]"
f50826204a6742b3c71b,branch_contact_span8_leaves32_contacts2x,allenai/OLMo-2-0325-32B-Instruct,exp_20260909_branch_contact_neuron_allocation | fixed synthetic copy32 length2048,registry-reported,Dendritic replacement,mixed (experiment assessment; see original gate record),[],"[{""axis"": ""reported_compression"", ""label"": ""Registered compression (scope in record)"", ""value"": 1.1015934164009282, ""unit"": ""factor""}]","[{""benchmark"": ""Copy2048 perplexity ratio"", ""value"": 1.0318363178206935, ""unit"": ""ratio""}]",panel_53,exp_20260909_branch_contact_neuron_allocation:60:59,"[""b9201c57a3adaad6444ed909a8dc950ce68664dcd5472084c1cc854526c60034""]"
6806ab1660fcf95be9c5,branch_contact_span8_leaves32_contacts4x,allenai/OLMo-2-0325-32B-Instruct,exp_20260909_branch_contact_neuron_allocation | GSM8K fixed development prefix n=64,registry-reported,Dendritic replacement,mixed (experiment assessment; see original gate record),[],"[{""axis"": ""reported_compression"", ""label"": ""Registered compression (scope in record)"", ""value"": 1.101592973678182, ""unit"": ""factor""}]","[{""benchmark"": ""GSM correct"", ""value"": 50, ""unit"": ""items""}]",panel_51,exp_20260909_branch_contact_neuron_allocation:66:62,"[""b9201c57a3adaad6444ed909a8dc950ce68664dcd5472084c1cc854526c60034""]"
a0b6130db704d981bb75,branch_contact_span8_leaves32_contacts4x,allenai/OLMo-2-0325-32B-Instruct,exp_20260909_branch_contact_neuron_allocation | fixed synthetic copy32 length2048,registry-reported,Dendritic replacement,mixed (experiment assessment; see original gate record),[],"[{""axis"": ""reported_compression"", ""label"": ""Registered compression (scope in record)"", ""value"": 1.101592973678182, ""unit"": ""factor""}]","[{""benchmark"": ""Copy2048 perplexity ratio"", ""value"": 1.0403286255659143, ""unit"": ""ratio""}]",panel_53,exp_20260909_branch_contact_neuron_allocation:66:65,"[""b9201c57a3adaad6444ed909a8dc950ce68664dcd5472084c1cc854526c60034""]"
d5f60be046159a31ccaf,branch_contact_span8_leaves32_contacts4x,allenai/OLMo-2-0325-32B-Instruct,exp_20260909_branch_contact_neuron_allocation | six-task fixed development prefix n=192,registry-reported,Dendritic replacement,mixed (experiment assessment; see original gate record),[],"[{""axis"": ""reported_compression"", ""label"": ""Registered compression (scope in record)"", ""value"": 1.101592973678182, ""unit"": ""factor""}]","[{""benchmark"": ""MC correct"", ""value"": 167, ""unit"": ""items""}]",panel_52,exp_20260909_branch_contact_neuron_allocation:66:63,"[""b9201c57a3adaad6444ed909a8dc950ce68664dcd5472084c1cc854526c60034""]"
01c9891e2b7d4ec74f22,branch_contact_span8_leaves32_contacts8x,allenai/OLMo-2-0325-32B-Instruct,exp_20260909_branch_contact_neuron_allocation | six-task fixed development prefix n=192,registry-reported,Dendritic replacement,mixed (experiment assessment; see original gate record),[],"[{""axis"": ""reported_compression"", ""label"": ""Registered compression (scope in record)"", ""value"": 1.1015930784859835, ""unit"": ""factor""}]","[{""benchmark"": ""MC correct"", ""value"": 168, ""unit"": ""items""}]",panel_52,exp_20260909_branch_contact_neuron_allocation:72:69,"[""b9201c57a3adaad6444ed909a8dc950ce68664dcd5472084c1cc854526c60034""]"
02b88529ccf93e9fbd6a,branch_contact_span8_leaves32_contacts8x,allenai/OLMo-2-0325-32B-Instruct,exp_20260909_branch_contact_neuron_allocation | GSM8K fixed development prefix n=64,registry-reported,Dendritic replacement,mixed (experiment assessment; see original gate record),[],"[{""axis"": ""reported_compression"", ""label"": ""Registered compression (scope in record)"", ""value"": 1.1015930784859835, ""unit"": ""factor""}]","[{""benchmark"": ""GSM correct"", ""value"": 47, ""unit"": ""items""}]",panel_51,exp_20260909_branch_contact_neuron_allocation:72:68,"[""b9201c57a3adaad6444ed909a8dc950ce68664dcd5472084c1cc854526c60034""]"
b1e59a02b647f1227fc5,branch_contact_span8_leaves32_contacts8x,allenai/OLMo-2-0325-32B-Instruct,exp_20260909_branch_contact_neuron_allocation | fixed synthetic copy32 length2048,registry-reported,Dendritic replacement,mixed (experiment assessment; see original gate record),[],"[{""axis"": ""reported_compression"", ""label"": ""Registered compression (scope in record)"", ""value"": 1.1015930784859835, ""unit"": ""factor""}]","[{""benchmark"": ""Copy2048 perplexity ratio"", ""value"": 1.0226362214679359, ""unit"": ""ratio""}]",panel_53,exp_20260909_branch_contact_neuron_allocation:72:71,"[""b9201c57a3adaad6444ed909a8dc950ce68664dcd5472084c1cc854526c60034""]"
7c9ae804265ad35b37d9,branch_contact_span8_leaves4_contacts4x,allenai/OLMo-2-0325-32B-Instruct,exp_20260909_branch_contact_neuron_allocation | fixed synthetic copy32 length2048,registry-reported,Dendritic replacement,mixed (experiment assessment; see original gate record),[],"[{""axis"": ""reported_compression"", ""label"": ""Registered compression (scope in record)"", ""value"": 1.1015929315141295, ""unit"": ""factor""}]","[{""benchmark"": ""Copy2048 perplexity ratio"", ""value"": 1.0162548075361204, ""unit"": ""ratio""}]",panel_53,exp_20260909_branch_contact_neuron_allocation:6:5,"[""b9201c57a3adaad6444ed909a8dc950ce68664dcd5472084c1cc854526c60034""]"
96c909a2f239e6465165,branch_contact_span8_leaves4_contacts4x,allenai/OLMo-2-0325-32B-Instruct,exp_20260909_branch_contact_neuron_allocation | GSM8K fixed development prefix n=64,registry-reported,Dendritic replacement,mixed (experiment assessment; see original gate record),[],"[{""axis"": ""reported_compression"", ""label"": ""Registered compression (scope in record)"", ""value"": 1.1015929315141295, ""unit"": ""factor""}]","[{""benchmark"": ""GSM correct"", ""value"": 51, ""unit"": ""items""}]",panel_51,exp_20260909_branch_contact_neuron_allocation:6:2,"[""b9201c57a3adaad6444ed909a8dc950ce68664dcd5472084c1cc854526c60034""]"
f3e6d126d771441a17be,branch_contact_span8_leaves4_contacts4x,allenai/OLMo-2-0325-32B-Instruct,exp_20260909_branch_contact_neuron_allocation | six-task fixed development prefix n=192,registry-reported,Dendritic replacement,mixed (experiment assessment; see original gate record),[],"[{""axis"": ""reported_compression"", ""label"": ""Registered compression (scope in record)"", ""value"": 1.1015929315141295, ""unit"": ""factor""}]","[{""benchmark"": ""MC correct"", ""value"": 165, ""unit"": ""items""}]",panel_52,exp_20260909_branch_contact_neuron_allocation:6:3,"[""b9201c57a3adaad6444ed909a8dc950ce68664dcd5472084c1cc854526c60034""]"
a498390e0ce091b9beb6,branch_contact_span8_leaves4_contacts8x,allenai/OLMo-2-0325-32B-Instruct,exp_20260909_branch_contact_neuron_allocation | fixed synthetic copy32 length2048,registry-reported,Dendritic replacement,mixed (experiment assessment; see original gate record),[],"[{""axis"": ""reported_compression"", ""label"": ""Registered compression (scope in record)"", ""value"": 1.1015932420223347, ""unit"": ""factor""}]","[{""benchmark"": ""Copy2048 perplexity ratio"", ""value"": 1.0003552285304818, ""unit"": ""ratio""}]",panel_53,exp_20260909_branch_contact_neuron_allocation:12:11,"[""b9201c57a3adaad6444ed909a8dc950ce68664dcd5472084c1cc854526c60034""]"
d1e6b92c563876bdc596,branch_contact_span8_leaves4_contacts8x,allenai/OLMo-2-0325-32B-Instruct,exp_20260909_branch_contact_neuron_allocation | six-task fixed development prefix n=192,registry-reported,Dendritic replacement,mixed (experiment assessment; see original gate record),[],"[{""axis"": ""reported_compression"", ""label"": ""Registered compression (scope in record)"", ""value"": 1.1015932420223347, ""unit"": ""factor""}]","[{""benchmark"": ""MC correct"", ""value"": 166, ""unit"": ""items""}]",panel_52,exp_20260909_branch_contact_neuron_allocation:12:9,"[""b9201c57a3adaad6444ed909a8dc950ce68664dcd5472084c1cc854526c60034""]"
d2058502202a1040fa3b,branch_contact_span8_leaves4_contacts8x,allenai/OLMo-2-0325-32B-Instruct,exp_20260909_branch_contact_neuron_allocation | GSM8K fixed development prefix n=64,registry-reported,Dendritic replacement,mixed (experiment assessment; see original gate record),[],"[{""axis"": ""reported_compression"", ""label"": ""Registered compression (scope in record)"", ""value"": 1.1015932420223347, ""unit"": ""factor""}]","[{""benchmark"": ""GSM correct"", ""value"": 48, ""unit"": ""items""}]",panel_51,exp_20260909_branch_contact_neuron_allocation:12:8,"[""b9201c57a3adaad6444ed909a8dc950ce68664dcd5472084c1cc854526c60034""]"
3e127bb4d388a7f02657,branch_contact_span8_leaves8_contacts2x,allenai/OLMo-2-0325-32B-Instruct,exp_20260909_branch_contact_neuron_allocation | GSM8K fixed development prefix n=64,registry-reported,Dendritic replacement,mixed (experiment assessment; see original gate record),[],"[{""axis"": ""reported_compression"", ""label"": ""Registered compression (scope in record)"", ""value"": 1.1015929694617765, ""unit"": ""factor""}]","[{""benchmark"": ""GSM correct"", ""value"": 48, ""unit"": ""items""}]",panel_51,exp_20260909_branch_contact_neuron_allocation:42:38,"[""b9201c57a3adaad6444ed909a8dc950ce68664dcd5472084c1cc854526c60034""]"
ca8d6908c64872e9b8f8,branch_contact_span8_leaves8_contacts2x,allenai/OLMo-2-0325-32B-Instruct,exp_20260909_branch_contact_neuron_allocation | six-task fixed development prefix n=192,registry-reported,Dendritic replacement,mixed (experiment assessment; see original gate record),[],"[{""axis"": ""reported_compression"", ""label"": ""Registered compression (scope in record)"", ""value"": 1.1015929694617765, ""unit"": ""factor""}]","[{""benchmark"": ""MC correct"", ""value"": 166, ""unit"": ""items""}]",panel_52,exp_20260909_branch_contact_neuron_allocation:42:39,"[""b9201c57a3adaad6444ed909a8dc950ce68664dcd5472084c1cc854526c60034""]"
edb4c4a53dc2dec83ab7,branch_contact_span8_leaves8_contacts2x,allenai/OLMo-2-0325-32B-Instruct,exp_20260909_branch_contact_neuron_allocation | fixed synthetic copy32 length2048,registry-reported,Dendritic replacement,mixed (experiment assessment; see original gate record),[],"[{""axis"": ""reported_compression"", ""label"": ""Registered compression (scope in record)"", ""value"": 1.1015929694617765, ""unit"": ""factor""}]","[{""benchmark"": ""Copy2048 perplexity ratio"", ""value"": 1.022269099371407, ""unit"": ""ratio""}]",panel_53,exp_20260909_branch_contact_neuron_allocation:42:41,"[""b9201c57a3adaad6444ed909a8dc950ce68664dcd5472084c1cc854526c60034""]"
3fe2bd95e70b9e7bc097,branch_contact_span8_leaves8_contacts4x,allenai/OLMo-2-0325-32B-Instruct,exp_20260909_branch_contact_neuron_allocation | GSM8K fixed development prefix n=64,registry-reported,Dendritic replacement,mixed (experiment assessment; see original gate record),[],"[{""axis"": ""reported_compression"", ""label"": ""Registered compression (scope in record)"", ""value"": 1.1015929604266221, ""unit"": ""factor""}]","[{""benchmark"": ""GSM correct"", ""value"": 47, ""unit"": ""items""}]",panel_51,exp_20260909_branch_contact_neuron_allocation:18:14,"[""b9201c57a3adaad6444ed909a8dc950ce68664dcd5472084c1cc854526c60034""]"
6cf675e69221b6d0f57c,branch_contact_span8_leaves8_contacts4x,allenai/OLMo-2-0325-32B-Instruct,exp_20260909_branch_contact_neuron_allocation | six-task fixed development prefix n=192,registry-reported,Dendritic replacement,mixed (experiment assessment; see original gate record),[],"[{""axis"": ""reported_compression"", ""label"": ""Registered compression (scope in record)"", ""value"": 1.1015929604266221, ""unit"": ""factor""}]","[{""benchmark"": ""MC correct"", ""value"": 166, ""unit"": ""items""}]",panel_52,exp_20260909_branch_contact_neuron_allocation:18:15,"[""b9201c57a3adaad6444ed909a8dc950ce68664dcd5472084c1cc854526c60034""]"
e59d92e84819377ffd05,branch_contact_span8_leaves8_contacts4x,allenai/OLMo-2-0325-32B-Instruct,exp_20260909_branch_contact_neuron_allocation | fixed synthetic copy32 length2048,registry-reported,Dendritic replacement,mixed (experiment assessment; see original gate record),[],"[{""axis"": ""reported_compression"", ""label"": ""Registered compression (scope in record)"", ""value"": 1.1015929604266221, ""unit"": ""factor""}]","[{""benchmark"": ""Copy2048 perplexity ratio"", ""value"": 1.0135516780046747, ""unit"": ""ratio""}]",panel_53,exp_20260909_branch_contact_neuron_allocation:18:17,"[""b9201c57a3adaad6444ed909a8dc950ce68664dcd5472084c1cc854526c60034""]"
7f78b1399649075b96c1,branch_contact_span8_leaves8_contacts8x,allenai/OLMo-2-0325-32B-Instruct,exp_20260909_branch_contact_neuron_allocation | fixed synthetic copy32 length2048,registry-reported,Dendritic replacement,mixed (experiment assessment; see original gate record),[],"[{""axis"": ""reported_compression"", ""label"": ""Registered compression (scope in record)"", ""value"": 1.1015929980730994, ""unit"": ""factor""}]","[{""benchmark"": ""Copy2048 perplexity ratio"", ""value"": 1.0137390246922, ""unit"": ""ratio""}]",panel_53,exp_20260909_branch_contact_neuron_allocation:24:23,"[""b9201c57a3adaad6444ed909a8dc950ce68664dcd5472084c1cc854526c60034""]"
97e398beabdf12e378f7,branch_contact_span8_leaves8_contacts8x,allenai/OLMo-2-0325-32B-Instruct,exp_20260909_branch_contact_neuron_allocation | six-task fixed development prefix n=192,registry-reported,Dendritic replacement,mixed (experiment assessment; see original gate record),[],"[{""axis"": ""reported_compression"", ""label"": ""Registered compression (scope in record)"", ""value"": 1.1015929980730994, ""unit"": ""factor""}]","[{""benchmark"": ""MC correct"", ""value"": 168, ""unit"": ""items""}]",panel_52,exp_20260909_branch_contact_neuron_allocation:24:21,"[""b9201c57a3adaad6444ed909a8dc950ce68664dcd5472084c1cc854526c60034""]"
ab85d3b1a533181427fe,branch_contact_span8_leaves8_contacts8x,allenai/OLMo-2-0325-32B-Instruct,exp_20260909_branch_contact_neuron_allocation | GSM8K fixed development prefix n=64,registry-reported,Dendritic replacement,mixed (experiment assessment; see original gate record),[],"[{""axis"": ""reported_compression"", ""label"": ""Registered compression (scope in record)"", ""value"": 1.1015929980730994, ""unit"": ""factor""}]","[{""benchmark"": ""GSM correct"", ""value"": 47, ""unit"": ""items""}]",panel_51,exp_20260909_branch_contact_neuron_allocation:24:20,"[""b9201c57a3adaad6444ed909a8dc950ce68664dcd5472084c1cc854526c60034""]"
a9f7f4032e3276e39e45,combined_initial,allenai/OLMo-2-0325-32B-Instruct,exp_20260912_balanced_owned_recovery_science | fixed C4 256windows,registry-reported,Dendritic + quantization,mixed (experiment assessment; see original gate record),[],"[{""axis"": ""whole_registered_bytes"", ""label"": ""Whole-model registered bytes"", ""value"": 17573798898, ""unit"": ""bytes""}, {""axis"": ""whole_compression"", ""label"": ""Whole-model registered compression"", ""value"": 3.668447585077174, ""unit"": ""factor""}]","[{""benchmark"": ""C4 teacher KL"", ""value"": 0.19449115231576838, ""unit"": ""nats/token""}]",panel_31,exp_20260912_balanced_owned_recovery_science:0:6,"[""c203f1811a040936b6c0cdb3c2cdd11b8f112ec316c375995cb81197ac73a7f4""]"
ae41975b13ac1703db74,combined_initial,allenai/OLMo-2-0325-32B-Instruct,exp_20260912_balanced_owned_recovery_science | frozen MC development192,registry-reported,Dendritic + quantization,mixed (experiment assessment; see original gate record),[],"[{""axis"": ""whole_registered_bytes"", ""label"": ""Whole-model registered bytes"", ""value"": 17573798898, ""unit"": ""bytes""}, {""axis"": ""whole_compression"", ""label"": ""Whole-model registered compression"", ""value"": 3.668447585077174, ""unit"": ""factor""}]","[{""benchmark"": ""MC correct"", ""value"": 161, ""unit"": ""correct items""}]",panel_30,exp_20260912_balanced_owned_recovery_science:0:4,"[""c203f1811a040936b6c0cdb3c2cdd11b8f112ec316c375995cb81197ac73a7f4""]"
b9c627727b37c574569f,combined_initial,allenai/OLMo-2-0325-32B-Instruct,exp_20260912_balanced_owned_recovery_science | fixed copy512 32windows,registry-reported,Dendritic + quantization,mixed (experiment assessment; see original gate record),[],"[{""axis"": ""whole_registered_bytes"", ""label"": ""Whole-model registered bytes"", ""value"": 17573798898, ""unit"": ""bytes""}, {""axis"": ""whole_compression"", ""label"": ""Whole-model registered compression"", ""value"": 3.668447585077174, ""unit"": ""factor""}]","[{""benchmark"": ""Copy512 perplexity ratio"", ""value"": 1.0882505797486253, ""unit"": ""factor""}]",panel_33,exp_20260912_balanced_owned_recovery_science:0:8,"[""c203f1811a040936b6c0cdb3c2cdd11b8f112ec316c375995cb81197ac73a7f4""]"
c4cae19ab4855c4fe922,combined_initial,allenai/OLMo-2-0325-32B-Instruct,exp_20260912_balanced_owned_recovery_science | frozen GSM train development64,registry-reported,Dendritic + quantization,mixed (experiment assessment; see original gate record),[],"[{""axis"": ""whole_registered_bytes"", ""label"": ""Whole-model registered bytes"", ""value"": 17573798898, ""unit"": ""bytes""}, {""axis"": ""whole_compression"", ""label"": ""Whole-model registered compression"", ""value"": 3.668447585077174, ""unit"": ""factor""}]","[{""benchmark"": ""GSM correct"", ""value"": 52, ""unit"": ""correct items""}]",panel_29,exp_20260912_balanced_owned_recovery_science:0:3,"[""c203f1811a040936b6c0cdb3c2cdd11b8f112ec316c375995cb81197ac73a7f4""]"
c7be6ef133bb0c81d718,combined_initial,allenai/OLMo-2-0325-32B-Instruct,exp_20260912_balanced_owned_recovery_science | fixed copy2048 32windows,registry-reported,Dendritic + quantization,mixed (experiment assessment; see original gate record),[],"[{""axis"": ""whole_registered_bytes"", ""label"": ""Whole-model registered bytes"", ""value"": 17573798898, ""unit"": ""bytes""}, {""axis"": ""whole_compression"", ""label"": ""Whole-model registered compression"", ""value"": 3.668447585077174, ""unit"": ""factor""}]","[{""benchmark"": ""Copy2048 perplexity ratio"", ""value"": 1.1282913773242014, ""unit"": ""factor""}]",panel_32,exp_20260912_balanced_owned_recovery_science:0:7,"[""c203f1811a040936b6c0cdb3c2cdd11b8f112ec316c375995cb81197ac73a7f4""]"
2c34332a248e227a21dc,combined_qat256_endpoint,allenai/OLMo-2-0325-32B-Instruct,exp_20260912_balanced_owned_recovery_science | frozen GSM train development64,registry-reported,Dendritic + quantization,mixed (experiment assessment; see original gate record),[],"[{""axis"": ""whole_registered_bytes"", ""label"": ""Whole-model registered bytes"", ""value"": 17573798898, ""unit"": ""bytes""}, {""axis"": ""whole_compression"", ""label"": ""Whole-model registered compression"", ""value"": 3.668447585077174, ""unit"": ""factor""}]","[{""benchmark"": ""GSM correct"", ""value"": 52, ""unit"": ""correct items""}]",panel_29,exp_20260912_balanced_owned_recovery_science:11:14,"[""c203f1811a040936b6c0cdb3c2cdd11b8f112ec316c375995cb81197ac73a7f4""]"
3aba09643de0f75b76f0,combined_qat256_endpoint,allenai/OLMo-2-0325-32B-Instruct,exp_20260912_balanced_owned_recovery_science | frozen MC development192,registry-reported,Dendritic + quantization,mixed (experiment assessment; see original gate record),[],"[{""axis"": ""whole_registered_bytes"", ""label"": ""Whole-model registered bytes"", ""value"": 17573798898, ""unit"": ""bytes""}, {""axis"": ""whole_compression"", ""label"": ""Whole-model registered compression"", ""value"": 3.668447585077174, ""unit"": ""factor""}]","[{""benchmark"": ""MC correct"", ""value"": 163, ""unit"": ""correct items""}]",panel_30,exp_20260912_balanced_owned_recovery_science:11:15,"[""c203f1811a040936b6c0cdb3c2cdd11b8f112ec316c375995cb81197ac73a7f4""]"
57a8dccfa1ef6f16fde8,combined_qat256_endpoint,allenai/OLMo-2-0325-32B-Instruct,exp_20260912_balanced_owned_recovery_science | fixed C4 256windows,registry-reported,Dendritic + quantization,mixed (experiment assessment; see original gate record),[],"[{""axis"": ""whole_registered_bytes"", ""label"": ""Whole-model registered bytes"", ""value"": 17573798898, ""unit"": ""bytes""}, {""axis"": ""whole_compression"", ""label"": ""Whole-model registered compression"", ""value"": 3.668447585077174, ""unit"": ""factor""}]","[{""benchmark"": ""C4 teacher KL"", ""value"": 0.1935153999954589, ""unit"": ""nats/token""}]",panel_31,exp_20260912_balanced_owned_recovery_science:11:17,"[""c203f1811a040936b6c0cdb3c2cdd11b8f112ec316c375995cb81197ac73a7f4""]"
9010f5da166eae3314f2,combined_qat256_endpoint,allenai/OLMo-2-0325-32B-Instruct,exp_20260912_balanced_owned_recovery_science | fixed copy2048 32windows,registry-reported,Dendritic + quantization,mixed (experiment assessment; see original gate record),[],"[{""axis"": ""whole_registered_bytes"", ""label"": ""Whole-model registered bytes"", ""value"": 17573798898, ""unit"": ""bytes""}, {""axis"": ""whole_compression"", ""label"": ""Whole-model registered compression"", ""value"": 3.668447585077174, ""unit"": ""factor""}]","[{""benchmark"": ""Copy2048 perplexity ratio"", ""value"": 1.0155733494431105, ""unit"": ""factor""}]",panel_32,exp_20260912_balanced_owned_recovery_science:11:18,"[""c203f1811a040936b6c0cdb3c2cdd11b8f112ec316c375995cb81197ac73a7f4""]"
ce70b733efafd98dfc22,combined_qat256_endpoint,allenai/OLMo-2-0325-32B-Instruct,exp_20260912_balanced_owned_recovery_science | fixed copy512 32windows,registry-reported,Dendritic + quantization,mixed (experiment assessment; see original gate record),[],"[{""axis"": ""whole_registered_bytes"", ""label"": ""Whole-model registered bytes"", ""value"": 17573798898, ""unit"": ""bytes""}, {""axis"": ""whole_compression"", ""label"": ""Whole-model registered compression"", ""value"": 3.668447585077174, ""unit"": ""factor""}]","[{""benchmark"": ""Copy512 perplexity ratio"", ""value"": 0.9744503564257035, ""unit"": ""factor""}]",panel_33,exp_20260912_balanced_owned_recovery_science:11:19,"[""c203f1811a040936b6c0cdb3c2cdd11b8f112ec316c375995cb81197ac73a7f4""]"
3788b8d7a5ed55ff0558,delete16_17,allenai/OLMo-2-0325-32B-Instruct,exp_20260918_native_whole_composition | full_development,registry-reported,Dendritic replacement,mixed (experiment assessment; see original gate record),[],"[{""axis"": ""whole_registered_bytes"", ""label"": ""Whole-model registered bytes"", ""value"": 16689867008, ""unit"": ""bytes""}]","[{""benchmark"": ""GSM correct"", ""value"": 908, ""unit"": ""items""}, {""benchmark"": ""MC correct"", ""value"": 5262, ""unit"": ""items""}, {""benchmark"": ""Answered and stopped"", ""value"": 1018, ""unit"": ""items""}]",panel_130,exp_20260918_native_whole_composition:41:43,"[""59f8f49d03aae03a95f7fed733492349794b57da50baf56d65bf7ece5dada202""]"
aa4c1229a5658f338b9e,delete16_17,allenai/OLMo-2-0325-32B-Instruct,exp_20260916_cell_free_int8_parent_deletion | development,registry-reported,Quantization / pruning / deletion,mixed (experiment assessment; see original gate record),[],"[{""axis"": ""registered_unspecified"", ""label"": ""Registered bytes (scope in record)"", ""value"": 16689867008, ""unit"": ""bytes""}]","[{""benchmark"": ""GSM correct"", ""value"": 908, ""unit"": ""correct items""}, {""benchmark"": ""MC correct"", ""value"": 5262, ""unit"": ""correct items""}]",panel_86,exp_20260916_cell_free_int8_parent_deletion:8:2,"[""d5ba8cbc59dbc459c3e940447517d74b1f5c82069d58ece1f686ae6dc94f9493""]"
a0c7bf6500cf51a41be8,delete16_48,allenai/OLMo-2-0325-32B-Instruct,exp_20260918_native_whole_composition | full_development,registry-reported,Dendritic replacement,mixed (experiment assessment; see original gate record),[],"[{""axis"": ""registered_unspecified"", ""label"": ""Registered bytes (scope in record)"", ""value"": 16689867008, ""unit"": ""bytes""}]","[{""benchmark"": ""GSM correct"", ""value"": 881, ""unit"": ""count""}, {""benchmark"": ""MC correct"", ""value"": 5210, ""unit"": ""count""}]",panel_128,exp_20260918_native_whole_composition:33:34,"[""59f8f49d03aae03a95f7fed733492349794b57da50baf56d65bf7ece5dada202""]"
3a0f13c893c163bdfc38,delete17,allenai/OLMo-2-0325-32B-Instruct,exp_20260916_cell_free_int8_parent_deletion | development,registry-reported,Quantization / pruning / deletion,mixed (experiment assessment; see original gate record),[],"[{""axis"": ""registered_unspecified"", ""label"": ""Registered bytes (scope in record)"", ""value"": 16908925184, ""unit"": ""bytes""}]","[{""benchmark"": ""GSM correct"", ""value"": 920, ""unit"": ""correct items""}, {""benchmark"": ""MC correct"", ""value"": 5258, ""unit"": ""correct items""}]",panel_86,exp_20260916_cell_free_int8_parent_deletion:5:0,"[""d5ba8cbc59dbc459c3e940447517d74b1f5c82069d58ece1f686ae6dc94f9493""]"
1204a4fde3dd3fe60c42,expanded6144_once,allenai/OLMo-2-0325-32B-Instruct,exp_20260911_matched_whole_pool_recovery | frozen GSM train development64,registry-reported,Dendritic replacement,mixed (experiment assessment; see original gate record),[],"[{""axis"": ""whole_registered_bytes"", ""label"": ""Whole-model registered bytes"", ""value"": 58530029553, ""unit"": ""bytes""}, {""axis"": ""whole_compression"", ""label"": ""Whole-model registered compression"", ""value"": 1.1014612604906093, ""unit"": ""factor""}]","[{""benchmark"": ""GSM correct"", ""value"": 49, ""unit"": ""correct items""}]",panel_215,exp_20260911_matched_whole_pool_recovery:0:3,"[""b06304aebf81a70626c4546f896b40f0bd9177a953803deb23fe023ace06a157""]"
1d87ea5163ccd2699669,expanded6144_once,allenai/OLMo-2-0325-32B-Instruct,exp_20260911_matched_whole_pool_recovery | fixed copy2048 32windows,registry-reported,Dendritic replacement,mixed (experiment assessment; see original gate record),[],"[{""axis"": ""whole_registered_bytes"", ""label"": ""Whole-model registered bytes"", ""value"": 58530029553, ""unit"": ""bytes""}, {""axis"": ""whole_compression"", ""label"": ""Whole-model registered compression"", ""value"": 1.1014612604906093, ""unit"": ""factor""}]","[{""benchmark"": ""Copy2048 perplexity ratio"", ""value"": 1.0087595422656097, ""unit"": ""factor""}]",panel_218,exp_20260911_matched_whole_pool_recovery:0:7,"[""b06304aebf81a70626c4546f896b40f0bd9177a953803deb23fe023ace06a157""]"
1eb8015643e92aea1f2b,expanded6144_once,allenai/OLMo-2-0325-32B-Instruct,exp_20260911_matched_whole_pool_recovery | fixed copy512 32windows,registry-reported,Dendritic replacement,mixed (experiment assessment; see original gate record),[],"[{""axis"": ""whole_registered_bytes"", ""label"": ""Whole-model registered bytes"", ""value"": 58530029553, ""unit"": ""bytes""}, {""axis"": ""whole_compression"", ""label"": ""Whole-model registered compression"", ""value"": 1.1014612604906093, ""unit"": ""factor""}]","[{""benchmark"": ""Copy512 perplexity ratio"", ""value"": 0.9798979547562122, ""unit"": ""factor""}]",panel_219,exp_20260911_matched_whole_pool_recovery:0:8,"[""b06304aebf81a70626c4546f896b40f0bd9177a953803deb23fe023ace06a157""]"
d510454b18953c452ed1,expanded6144_once,allenai/OLMo-2-0325-32B-Instruct,exp_20260911_matched_whole_pool_recovery | frozen MC development192,registry-reported,Dendritic replacement,mixed (experiment assessment; see original gate record),[],"[{""axis"": ""whole_registered_bytes"", ""label"": ""Whole-model registered bytes"", ""value"": 58530029553, ""unit"": ""bytes""}, {""axis"": ""whole_compression"", ""label"": ""Whole-model registered compression"", ""value"": 1.1014612604906093, ""unit"": ""factor""}]","[{""benchmark"": ""MC correct"", ""value"": 165, ""unit"": ""correct items""}]",panel_216,exp_20260911_matched_whole_pool_recovery:0:4,"[""b06304aebf81a70626c4546f896b40f0bd9177a953803deb23fe023ace06a157""]"
dbb2ad2911f51559c8ab,expanded6144_once,allenai/OLMo-2-0325-32B-Instruct,exp_20260911_matched_whole_pool_recovery | C4 256windows selection-only/no-admission,registry-reported,Dendritic replacement,mixed (experiment assessment; see original gate record),[],"[{""axis"": ""whole_registered_bytes"", ""label"": ""Whole-model registered bytes"", ""value"": 58530029553, ""unit"": ""bytes""}, {""axis"": ""whole_compression"", ""label"": ""Whole-model registered compression"", ""value"": 1.1014612604906093, ""unit"": ""factor""}]","[{""benchmark"": ""C4 teacher KL"", ""value"": 0.15469972603464108, ""unit"": ""nats/token""}]",panel_217,exp_20260911_matched_whole_pool_recovery:0:5,"[""b06304aebf81a70626c4546f896b40f0bd9177a953803deb23fe023ace06a157""]"
4075be3161f5fdeb096c,factorial_current_adaptation_endpoint,allenai/OLMo-2-0325-32B-Instruct,exp_20260911_recovery_factorial | GSM64/MC192 development; independent C4/copy,registry-reported,Dendritic replacement,inconclusive (experiment assessment; see original gate record),[],"[{""axis"": ""reported_compression"", ""label"": ""Registered compression (scope in record)"", ""value"": 1.1014612604906093, ""unit"": ""factor""}]","[{""benchmark"": ""GSM correct"", ""value"": 48, ""unit"": ""items""}, {""benchmark"": ""MC correct"", ""value"": 167, ""unit"": ""items""}]",panel_185,exp_20260911_recovery_factorial:22:18,"[""7d10a7f108ea50ddaebe5d4768f0a34026e485721a9f2ef041e9bfb5bf8b1f1a""]"
38589788bad7fbf4507a,factorial_current_adaptation_selected,allenai/OLMo-2-0325-32B-Instruct,exp_20260911_recovery_factorial | GSM64/MC192 development; independent C4/copy,registry-reported,Dendritic replacement,inconclusive (experiment assessment; see original gate record),[],"[{""axis"": ""reported_compression"", ""label"": ""Registered compression (scope in record)"", ""value"": 1.1014612604906093, ""unit"": ""factor""}]","[{""benchmark"": ""GSM correct"", ""value"": 47, ""unit"": ""items""}, {""benchmark"": ""MC correct"", ""value"": 166, ""unit"": ""items""}]",panel_185,exp_20260911_recovery_factorial:17:13,"[""7d10a7f108ea50ddaebe5d4768f0a34026e485721a9f2ef041e9bfb5bf8b1f1a""]"
77e47b776510afcd7d5a,factorial_current_cells_endpoint,allenai/OLMo-2-0325-32B-Instruct,exp_20260911_recovery_factorial | GSM64/MC192 development; independent C4/copy,registry-reported,Dendritic replacement,inconclusive (experiment assessment; see original gate record),[],"[{""axis"": ""reported_compression"", ""label"": ""Registered compression (scope in record)"", ""value"": 1.1015929315141295, ""unit"": ""factor""}]","[{""benchmark"": ""GSM correct"", ""value"": 45, ""unit"": ""items""}, {""benchmark"": ""MC correct"", ""value"": 167, ""unit"": ""items""}]",panel_185,exp_20260911_recovery_factorial:12:8,"[""7d10a7f108ea50ddaebe5d4768f0a34026e485721a9f2ef041e9bfb5bf8b1f1a""]"
c48e2c5fa8cb3b1a7ccd,factorial_current_cells_selected,allenai/OLMo-2-0325-32B-Instruct,exp_20260911_recovery_factorial | GSM64/MC192 development; independent C4/copy,registry-reported,Dendritic replacement,inconclusive (experiment assessment; see original gate record),[],"[{""axis"": ""reported_compression"", ""label"": ""Registered compression (scope in record)"", ""value"": 1.1015929315141295, ""unit"": ""factor""}]","[{""benchmark"": ""GSM correct"", ""value"": 47, ""unit"": ""items""}, {""benchmark"": ""MC correct"", ""value"": 166, ""unit"": ""items""}]",panel_185,exp_20260911_recovery_factorial:7:3,"[""7d10a7f108ea50ddaebe5d4768f0a34026e485721a9f2ef041e9bfb5bf8b1f1a""]"
7f94bbae36154d78b621,factorial_reasoning_adaptation_endpoint,allenai/OLMo-2-0325-32B-Instruct,exp_20260911_recovery_factorial | GSM64/MC192 development; independent C4/copy,registry-reported,Dendritic replacement,inconclusive (experiment assessment; see original gate record),[],"[{""axis"": ""reported_compression"", ""label"": ""Registered compression (scope in record)"", ""value"": 1.1014612604906093, ""unit"": ""factor""}]","[{""benchmark"": ""GSM correct"", ""value"": 52, ""unit"": ""items""}, {""benchmark"": ""MC correct"", ""value"": 166, ""unit"": ""items""}]",panel_185,exp_20260911_recovery_factorial:42:38,"[""7d10a7f108ea50ddaebe5d4768f0a34026e485721a9f2ef041e9bfb5bf8b1f1a""]"
b008b4da1cf00add7b57,factorial_reasoning_adaptation_selected,allenai/OLMo-2-0325-32B-Instruct,exp_20260911_recovery_factorial | GSM64/MC192 development; independent C4/copy,registry-reported,Dendritic replacement,inconclusive (experiment assessment; see original gate record),[],"[{""axis"": ""reported_compression"", ""label"": ""Registered compression (scope in record)"", ""value"": 1.1014612604906093, ""unit"": ""factor""}]","[{""benchmark"": ""GSM correct"", ""value"": 52, ""unit"": ""items""}, {""benchmark"": ""MC correct"", ""value"": 166, ""unit"": ""items""}]",panel_185,exp_20260911_recovery_factorial:37:33,"[""7d10a7f108ea50ddaebe5d4768f0a34026e485721a9f2ef041e9bfb5bf8b1f1a""]"
fc94659d9d0727d9b1a6,factorial_reasoning_cells_endpoint,allenai/OLMo-2-0325-32B-Instruct,exp_20260911_recovery_factorial | GSM64/MC192 development; independent C4/copy,registry-reported,Dendritic replacement,inconclusive (experiment assessment; see original gate record),[],"[{""axis"": ""reported_compression"", ""label"": ""Registered compression (scope in record)"", ""value"": 1.1015929315141295, ""unit"": ""factor""}]","[{""benchmark"": ""GSM correct"", ""value"": 53, ""unit"": ""items""}, {""benchmark"": ""MC correct"", ""value"": 166, ""unit"": ""items""}]",panel_185,exp_20260911_recovery_factorial:32:28,"[""7d10a7f108ea50ddaebe5d4768f0a34026e485721a9f2ef041e9bfb5bf8b1f1a""]"
1fe44135432a0ad367bc,factorial_reasoning_cells_selected,allenai/OLMo-2-0325-32B-Instruct,exp_20260911_recovery_factorial | GSM64/MC192 development; independent C4/copy,registry-reported,Dendritic replacement,inconclusive (experiment assessment; see original gate record),[],"[{""axis"": ""reported_compression"", ""label"": ""Registered compression (scope in record)"", ""value"": 1.1015929315141295, ""unit"": ""factor""}]","[{""benchmark"": ""GSM correct"", ""value"": 53, ""unit"": ""items""}, {""benchmark"": ""MC correct"", ""value"": 166, ""unit"": ""items""}]",panel_185,exp_20260911_recovery_factorial:27:23,"[""7d10a7f108ea50ddaebe5d4768f0a34026e485721a9f2ef041e9bfb5bf8b1f1a""]"
04842dc5f59fa7860e18,full64_BF16_direct,allenai/OLMo-2-0325-32B-Instruct,exp_20260910_full_coverage_32b | GSM64_MC192_development_screen_independent_C4256_copy32,registry-reported,Dendritic replacement,negative; direct full-coverage screen,[],"[{""axis"": ""whole_registered_bytes"", ""label"": ""Whole-model registered bytes"", ""value"": 16904347784, ""unit"": ""bytes""}, {""axis"": ""whole_compression"", ""label"": ""Whole-model registered compression"", ""value"": 3.8137265602769737, ""unit"": ""factor""}]","[{""benchmark"": ""GSM correct"", ""value"": 0, ""unit"": ""items""}, {""benchmark"": ""MC correct"", ""value"": 65, ""unit"": ""items""}, {""benchmark"": ""C4 upper95 NLL increase"", ""value"": 8.48334152878424, ""unit"": ""nats/token""}]",panel_225,exp_20260910_full_coverage_32b:explicit:full64_bf16_registered_model_bytes:full64_BF16_direct_GSM_correct,"[""508dfd08030b35175407669c596bd890dc2e7d7644a1e3996a0054978d8ee1a9""]"
434a6abe041019e6f626,int4_direct,allenai/OLMo-2-0325-32B-Instruct,exp_20260910_packed_full64_cells | GSM64/MC192 development; independent C4/copy,registry-reported,Dendritic + quantization,negative; direct full-coverage screen,[],"[{""axis"": ""whole_registered_bytes"", ""label"": ""Whole-model registered bytes"", ""value"": 6621888656, ""unit"": ""bytes""}, {""axis"": ""whole_compression"", ""label"": ""Whole-model registered compression"", ""value"": 9.73567564739796, ""unit"": ""factor""}]","[{""benchmark"": ""GSM correct"", ""value"": 0, ""unit"": ""items""}, {""benchmark"": ""MC correct"", ""value"": 68, ""unit"": ""items""}, {""benchmark"": ""C4 teacher KL"", ""value"": 9.860890572262454, ""unit"": ""nats/token""}, {""benchmark"": ""C4 upper95 NLL increase"", ""value"": 9.577157228609481, ""unit"": ""nats/token""}]",panel_247,exp_20260910_packed_full64_cells:explicit:int4_whole_registered_bytes:int4_direct_GSM_correct,"[""e3590ace761881a6ff327b5f41c216068a50a2964e447a87a91881916dcee675""]"
d6abb805917843970050,int8_direct,allenai/OLMo-2-0325-32B-Instruct,exp_20260910_packed_full64_cells | GSM64/MC192 development; independent C4/copy,registry-reported,Dendritic + quantization,negative; direct full-coverage screen,[],"[{""axis"": ""whole_registered_bytes"", ""label"": ""Whole-model registered bytes"", ""value"": 7048314672, ""unit"": ""bytes""}, {""axis"": ""whole_compression"", ""label"": ""Whole-model registered compression"", ""value"": 9.14666315681202, ""unit"": ""factor""}]","[{""benchmark"": ""GSM correct"", ""value"": 0, ""unit"": ""items""}, {""benchmark"": ""MC correct"", ""value"": 67, ""unit"": ""items""}, {""benchmark"": ""C4 teacher KL"", ""value"": 9.909513009113134, ""unit"": ""nats/token""}, {""benchmark"": ""C4 upper95 NLL increase"", ""value"": 9.63279635506496, ""unit"": ""nats/token""}]",panel_247,exp_20260910_packed_full64_cells:explicit:int8_whole_registered_bytes:int8_direct_GSM_correct,"[""e3590ace761881a6ff327b5f41c216068a50a2964e447a87a91881916dcee675""]"
808246173b7c2104a9d4,joint_int4,allenai/OLMo-2-0325-32B-Instruct,exp_20260918_recovered_pair_full | full_development_partial,registry-reported,Method not classified,pending (experiment assessment; see original gate record),[],"[{""axis"": ""registered_unspecified"", ""label"": ""Registered bytes (scope in record)"", ""value"": 16891669364, ""unit"": ""bytes""}]","[{""benchmark"": ""Copy512 perplexity ratio"", ""value"": 1.0304348598961837, ""unit"": ""ratio""}, {""benchmark"": ""Copy2048 perplexity ratio"", ""value"": 1.0360419645643184, ""unit"": ""ratio""}]",panel_183,exp_20260918_recovered_pair_full:2:10,"[""ba255751024bfb92ec6089a87363a0cac099f65eba548927db0a0d0c5b2965b6""]"
d0c668e4ffd73de3ae41,joint_int8,allenai/OLMo-2-0325-32B-Instruct,exp_20260918_recovered_pair_full | full_development_partial,registry-reported,Method not classified,pending (experiment assessment; see original gate record),[],"[{""axis"": ""registered_unspecified"", ""label"": ""Registered bytes (scope in record)"", ""value"": 16944747984, ""unit"": ""bytes""}]","[{""benchmark"": ""Copy512 perplexity ratio"", ""value"": 1.0289316962107071, ""unit"": ""ratio""}, {""benchmark"": ""Copy2048 perplexity ratio"", ""value"": 1.0347896743512714, ""unit"": ""ratio""}]",panel_183,exp_20260918_recovered_pair_full:0:13,"[""ba255751024bfb92ec6089a87363a0cac099f65eba548927db0a0d0c5b2965b6""]"
027c8e68c8f96209a05f,legacy_span16_density_1_8,allenai/OLMo-2-0325-32B-Instruct,exp_20260908_32b_sparse_control_inventory_retry | GSM8K fixed train development prefix n=64,registry-reported,Dendritic replacement,mixed (experiment assessment; see original gate record),[],"[{""axis"": ""reported_compression"", ""label"": ""Registered compression (scope in record)"", ""value"": 1.1178138753052846, ""unit"": ""factor""}]","[{""benchmark"": ""GSM correct"", ""value"": 46, ""unit"": ""items""}]",panel_141,exp_20260908_32b_sparse_control_inventory_retry:4:0,"[""54e69c58c54760e1f8c2c8507718ec3f2617a2446e5d544f007e206e435ce765""]"
201f57af3d3c8280a0a2,legacy_span16_density_1_8,allenai/OLMo-2-0325-32B-Instruct,exp_20260908_32b_sparse_control_inventory_retry | fixed synthetic copy32 windows length512,registry-reported,Dendritic replacement,mixed (experiment assessment; see original gate record),[],"[{""axis"": ""reported_compression"", ""label"": ""Registered compression (scope in record)"", ""value"": 1.1178138753052846, ""unit"": ""factor""}]","[{""benchmark"": ""Copy512 perplexity ratio"", ""value"": 0.9070442122588895, ""unit"": ""ratio""}]",panel_145,exp_20260908_32b_sparse_control_inventory_retry:4:6,"[""54e69c58c54760e1f8c2c8507718ec3f2617a2446e5d544f007e206e435ce765""]"
3dd18a0e43c27b96fcc0,legacy_span16_density_1_8,allenai/OLMo-2-0325-32B-Instruct,exp_20260909_32b_completed_control_readback | GSM8K fixed train development prefix n=64,registry-reported,Quantization / pruning / deletion,mixed (experiment assessment; see original gate record),[],"[{""axis"": ""reported_compression"", ""label"": ""Registered compression (scope in record)"", ""value"": 1.1178138753052846, ""unit"": ""factor""}]","[{""benchmark"": ""GSM correct"", ""value"": 46, ""unit"": ""items""}]",panel_171,exp_20260909_32b_completed_control_readback:4:0,"[""55e613ba2771dbbd1a76cac4f781db5dbf8a7400b2cc74aa54aae25353bfe83a""]"
46000a9458f0b6f41cfb,legacy_span16_density_1_8,allenai/OLMo-2-0325-32B-Instruct,exp_20260909_32b_completed_control_readback | six-task fixed train development prefix n=192,registry-reported,Quantization / pruning / deletion,mixed (experiment assessment; see original gate record),[],"[{""axis"": ""reported_compression"", ""label"": ""Registered compression (scope in record)"", ""value"": 1.1178138753052846, ""unit"": ""factor""}]","[{""benchmark"": ""MC correct"", ""value"": 160, ""unit"": ""items""}]",panel_172,exp_20260909_32b_completed_control_readback:4:1,"[""55e613ba2771dbbd1a76cac4f781db5dbf8a7400b2cc74aa54aae25353bfe83a""]"
4aed61fd620f1fe659e2,legacy_span16_density_1_8,allenai/OLMo-2-0325-32B-Instruct,exp_20260908_32b_sparse_control_inventory_retry | six-task fixed train development prefix n=192,registry-reported,Dendritic replacement,mixed (experiment assessment; see original gate record),[],"[{""axis"": ""reported_compression"", ""label"": ""Registered compression (scope in record)"", ""value"": 1.1178138753052846, ""unit"": ""factor""}]","[{""benchmark"": ""MC correct"", ""value"": 160, ""unit"": ""items""}]",panel_142,exp_20260908_32b_sparse_control_inventory_retry:4:1,"[""54e69c58c54760e1f8c2c8507718ec3f2617a2446e5d544f007e206e435ce765""]"
53448ae9cccaa9cb3499,legacy_span16_density_1_8,allenai/OLMo-2-0325-32B-Instruct,exp_20260908_32b_sparse_control_inventory_retry | fixed C4 selection256 windows; not independent gate,registry-reported,Dendritic replacement,mixed (experiment assessment; see original gate record),[],"[{""axis"": ""reported_compression"", ""label"": ""Registered compression (scope in record)"", ""value"": 1.1178138753052846, ""unit"": ""factor""}]","[{""benchmark"": ""C4 teacher KL"", ""value"": 0.23306868488243515, ""unit"": ""nats/token""}]",panel_143,exp_20260908_32b_sparse_control_inventory_retry:4:2,"[""54e69c58c54760e1f8c2c8507718ec3f2617a2446e5d544f007e206e435ce765""]"
5453d4f27a7bf62b8681,legacy_span16_density_1_8,allenai/OLMo-2-0325-32B-Instruct,exp_20260909_32b_completed_control_readback | fixed C4 selection256 windows; not independent gate,registry-reported,Quantization / pruning / deletion,mixed (experiment assessment; see original gate record),[],"[{""axis"": ""reported_compression"", ""label"": ""Registered compression (scope in record)"", ""value"": 1.1178138753052846, ""unit"": ""factor""}]","[{""benchmark"": ""C4 teacher KL"", ""value"": 0.23306868488243515, ""unit"": ""nats/token""}]",panel_173,exp_20260909_32b_completed_control_readback:4:2,"[""55e613ba2771dbbd1a76cac4f781db5dbf8a7400b2cc74aa54aae25353bfe83a""]"
8c2185746cd0fd9643aa,legacy_span16_density_1_8,allenai/OLMo-2-0325-32B-Instruct,exp_20260908_32b_sparse_control_inventory_retry | fixed synthetic copy32 windows length2048,registry-reported,Dendritic replacement,mixed (experiment assessment; see original gate record),[],"[{""axis"": ""reported_compression"", ""label"": ""Registered compression (scope in record)"", ""value"": 1.1178138753052846, ""unit"": ""factor""}]","[{""benchmark"": ""Copy2048 perplexity ratio"", ""value"": 0.9829941279378087, ""unit"": ""ratio""}]",panel_144,exp_20260908_32b_sparse_control_inventory_retry:4:5,"[""54e69c58c54760e1f8c2c8507718ec3f2617a2446e5d544f007e206e435ce765""]"
bf80ef27256dfa9c1866,legacy_span16_density_1_8,allenai/OLMo-2-0325-32B-Instruct,exp_20260909_32b_completed_control_readback | fixed synthetic copy32 windows length512,registry-reported,Quantization / pruning / deletion,mixed (experiment assessment; see original gate record),[],"[{""axis"": ""reported_compression"", ""label"": ""Registered compression (scope in record)"", ""value"": 1.1178138753052846, ""unit"": ""factor""}]","[{""benchmark"": ""Copy512 perplexity ratio"", ""value"": 0.9070442122588895, ""unit"": ""ratio""}]",panel_175,exp_20260909_32b_completed_control_readback:4:6,"[""55e613ba2771dbbd1a76cac4f781db5dbf8a7400b2cc74aa54aae25353bfe83a""]"
f9c53819fccc7450d54b,legacy_span16_density_1_8,allenai/OLMo-2-0325-32B-Instruct,exp_20260909_32b_completed_control_readback | fixed synthetic copy32 windows length2048,registry-reported,Quantization / pruning / deletion,mixed (experiment assessment; see original gate record),[],"[{""axis"": ""reported_compression"", ""label"": ""Registered compression (scope in record)"", ""value"": 1.1178138753052846, ""unit"": ""factor""}]","[{""benchmark"": ""Copy2048 perplexity ratio"", ""value"": 0.9829941279378087, ""unit"": ""ratio""}]",panel_174,exp_20260909_32b_completed_control_readback:4:5,"[""55e613ba2771dbbd1a76cac4f781db5dbf8a7400b2cc74aa54aae25353bfe83a""]"
164d72c53d2a3698b3fd,local2_span16_depth4,allenai/OLMo-2-0325-32B-Instruct,exp_20260908_32b_collapsed_wrapper_ledger_retry | Original H200 GSM64/MC192; C4 selector; copy32,registry-reported,Dendritic replacement,negative (experiment assessment; see original gate record),[],"[{""axis"": ""reported_compression"", ""label"": ""Registered compression (scope in record)"", ""value"": 1.1179951405834594, ""unit"": ""factor""}, {""axis"": ""cell_registered_bytes"", ""label"": ""Replacement registered bytes"", ""value"": 6785585473, ""unit"": ""bytes""}]","[{""benchmark"": ""GSM correct"", ""value"": 25, ""unit"": ""items""}, {""benchmark"": ""MC correct"", ""value"": 152, ""unit"": ""items""}]",panel_155,exp_20260908_32b_collapsed_wrapper_ledger_retry:38:34,"[""54e69c58c54760e1f8c2c8507718ec3f2617a2446e5d544f007e206e435ce765""]"
a2899f6caece5ab16c4b,local2_span16_depth4,allenai/OLMo-2-0325-32B-Instruct,exp_20260908_32b_frozen_activation_memory_retry | Original H200 GSM64/MC192; C4 selector; copy32,registry-reported,Dendritic replacement,negative (experiment assessment; see original gate record),[],"[{""axis"": ""reported_compression"", ""label"": ""Registered compression (scope in record)"", ""value"": 1.1179951405834594, ""unit"": ""factor""}, {""axis"": ""cell_registered_bytes"", ""label"": ""Replacement registered bytes"", ""value"": 6785585473, ""unit"": ""bytes""}]","[{""benchmark"": ""GSM correct"", ""value"": 25, ""unit"": ""items""}, {""benchmark"": ""MC correct"", ""value"": 152, ""unit"": ""items""}]",panel_167,exp_20260908_32b_frozen_activation_memory_retry:15:11,"[""54e69c58c54760e1f8c2c8507718ec3f2617a2446e5d544f007e206e435ce765""]"
2ffaf12a7b48d70c0153,local2_span16_independent,allenai/OLMo-2-0325-32B-Instruct,"exp_20260908_32b_collapsed_wrapper_ledger_retry | GSM64/MC192; C4 checkpoint selector, copy32",registry-reported,Dendritic replacement,negative (experiment assessment; see original gate record),[],"[{""axis"": ""reported_compression"", ""label"": ""Registered compression (scope in record)"", ""value"": 1.11797210726376, ""unit"": ""factor""}]","[{""benchmark"": ""GSM correct"", ""value"": 27, ""unit"": ""items""}, {""benchmark"": ""MC correct"", ""value"": 153, ""unit"": ""items""}]",panel_153,exp_20260908_32b_collapsed_wrapper_ledger_retry:29:27,"[""54e69c58c54760e1f8c2c8507718ec3f2617a2446e5d544f007e206e435ce765""]"
fdfb7812bf4e102c3c57,local2_span16_independent,allenai/OLMo-2-0325-32B-Instruct,"exp_20260908_32b_frozen_activation_memory_retry | GSM64/MC192; C4 checkpoint selector, copy32",registry-reported,Dendritic replacement,negative (experiment assessment; see original gate record),[],"[{""axis"": ""reported_compression"", ""label"": ""Registered compression (scope in record)"", ""value"": 1.11797210726376, ""unit"": ""factor""}]","[{""benchmark"": ""GSM correct"", ""value"": 27, ""unit"": ""items""}, {""benchmark"": ""MC correct"", ""value"": 153, ""unit"": ""items""}]",panel_165,exp_20260908_32b_frozen_activation_memory_retry:8:6,"[""54e69c58c54760e1f8c2c8507718ec3f2617a2446e5d544f007e206e435ce765""]"
801008cd2db6e8010542,local2_span8_wide_depth1,allenai/OLMo-2-0325-32B-Instruct,exp_20260908_32b_frozen_activation_memory_retry | fixed synthetic copy32 length2048,registry-reported,Dendritic replacement,negative (experiment assessment; see original gate record),[],"[{""axis"": ""reported_compression"", ""label"": ""Registered compression (scope in record)"", ""value"": 1.0557008979418978, ""unit"": ""factor""}, {""axis"": ""cell_registered_bytes"", ""label"": ""Replacement registered bytes"", ""value"": 3393363793, ""unit"": ""bytes""}]","[{""benchmark"": ""Copy2048 perplexity ratio"", ""value"": 0.9884446112840758, ""unit"": ""ratio""}]",panel_161,exp_20260908_32b_frozen_activation_memory_retry:4:3,"[""54e69c58c54760e1f8c2c8507718ec3f2617a2446e5d544f007e206e435ce765""]"
80ce12ad003df5757e07,local2_span8_wide_depth1,allenai/OLMo-2-0325-32B-Instruct,exp_20260908_32b_frozen_activation_memory_retry | GSM8K fixed development prefix n=64,registry-reported,Dendritic replacement,negative (experiment assessment; see original gate record),[],"[{""axis"": ""reported_compression"", ""label"": ""Registered compression (scope in record)"", ""value"": 1.0557008979418978, ""unit"": ""factor""}, {""axis"": ""cell_registered_bytes"", ""label"": ""Replacement registered bytes"", ""value"": 3393363793, ""unit"": ""bytes""}]","[{""benchmark"": ""GSM correct"", ""value"": 46, ""unit"": ""items""}]",panel_159,exp_20260908_32b_frozen_activation_memory_retry:4:0,"[""54e69c58c54760e1f8c2c8507718ec3f2617a2446e5d544f007e206e435ce765""]"
f7444c43b131cf465e7e,local2_span8_wide_depth1,allenai/OLMo-2-0325-32B-Instruct,exp_20260908_32b_frozen_activation_memory_retry | six-task fixed development prefix n=192,registry-reported,Dendritic replacement,negative (experiment assessment; see original gate record),[],"[{""axis"": ""reported_compression"", ""label"": ""Registered compression (scope in record)"", ""value"": 1.0557008979418978, ""unit"": ""factor""}, {""axis"": ""cell_registered_bytes"", ""label"": ""Replacement registered bytes"", ""value"": 3393363793, ""unit"": ""bytes""}]","[{""benchmark"": ""MC correct"", ""value"": 168, ""unit"": ""items""}]",panel_160,exp_20260908_32b_frozen_activation_memory_retry:4:1,"[""54e69c58c54760e1f8c2c8507718ec3f2617a2446e5d544f007e206e435ce765""]"
1c1f4afe242975231a84,local8_span16_independent,allenai/OLMo-2-0325-32B-Instruct,exp_20260908_32b_large_chunk_memory_repair | GSM8K fixed train development prefix n=64,registry-reported,Dendritic replacement,mixed (experiment assessment; see original gate record),[],"[{""axis"": ""reported_compression"", ""label"": ""Registered compression (scope in record)"", ""value"": 1.2261623352455164, ""unit"": ""factor""}]","[{""benchmark"": ""GSM correct"", ""value"": 27, ""unit"": ""items""}]",panel_135,exp_20260908_32b_large_chunk_memory_repair:13:9,"[""54e69c58c54760e1f8c2c8507718ec3f2617a2446e5d544f007e206e435ce765""]"
61e1870f218f3f5d1c57,local8_span16_independent,allenai/OLMo-2-0325-32B-Instruct,exp_20260908_32b_large_chunk_memory_repair | fixed synthetic copy32 windows length2048,registry-reported,Dendritic replacement,mixed (experiment assessment; see original gate record),[],"[{""axis"": ""reported_compression"", ""label"": ""Registered compression (scope in record)"", ""value"": 1.2261623352455164, ""unit"": ""factor""}]","[{""benchmark"": ""Copy2048 perplexity ratio"", ""value"": 1.0132553192871427, ""unit"": ""ratio""}]",panel_138,exp_20260908_32b_large_chunk_memory_repair:13:7,"[""54e69c58c54760e1f8c2c8507718ec3f2617a2446e5d544f007e206e435ce765""]"
75037bdcef71dc7383b1,local8_span16_independent,allenai/OLMo-2-0325-32B-Instruct,exp_20260908_32b_large_chunk_memory_repair | fixed synthetic copy32 windows length512,registry-reported,Dendritic replacement,mixed (experiment assessment; see original gate record),[],"[{""axis"": ""reported_compression"", ""label"": ""Registered compression (scope in record)"", ""value"": 1.2261623352455164, ""unit"": ""factor""}]","[{""benchmark"": ""Copy512 perplexity ratio"", ""value"": 0.9356111605053908, ""unit"": ""ratio""}]",panel_139,exp_20260908_32b_large_chunk_memory_repair:13:8,"[""54e69c58c54760e1f8c2c8507718ec3f2617a2446e5d544f007e206e435ce765""]"
8f72e549ec01a3d3ce08,local8_span16_independent,allenai/OLMo-2-0325-32B-Instruct,exp_20260908_32b_large_chunk_memory_repair | six-task fixed train development prefix n=192,registry-reported,Dendritic replacement,mixed (experiment assessment; see original gate record),[],"[{""axis"": ""reported_compression"", ""label"": ""Registered compression (scope in record)"", ""value"": 1.2261623352455164, ""unit"": ""factor""}]","[{""benchmark"": ""MC correct"", ""value"": 150, ""unit"": ""items""}]",panel_136,exp_20260908_32b_large_chunk_memory_repair:13:10,"[""54e69c58c54760e1f8c2c8507718ec3f2617a2446e5d544f007e206e435ce765""]"
f2949572b3d6cf3c12fa,local8_span16_independent,allenai/OLMo-2-0325-32B-Instruct,exp_20260908_32b_large_chunk_memory_repair | fixed C4 selector256 windows; not independent gate,registry-reported,Dendritic replacement,mixed (experiment assessment; see original gate record),[],"[{""axis"": ""reported_compression"", ""label"": ""Registered compression (scope in record)"", ""value"": 1.2261623352455164, ""unit"": ""factor""}]","[{""benchmark"": ""C4 teacher KL"", ""value"": 0.3548658335638262, ""unit"": ""nats/token""}]",panel_140,exp_20260908_32b_large_chunk_memory_repair:13:11,"[""54e69c58c54760e1f8c2c8507718ec3f2617a2446e5d544f007e206e435ce765""]"
51176efe131b627c8ee7,local8_span16_wide_depth1,allenai/OLMo-2-0325-32B-Instruct,exp_20260908_32b_collapsed_wrapper_ledger_retry | fixed synthetic copy32 windows length2048,registry-reported,Dendritic replacement,negative (experiment assessment; see original gate record),[],"[{""axis"": ""reported_compression"", ""label"": ""Registered compression (scope in record)"", ""value"": 1.2261623923121117, ""unit"": ""factor""}]","[{""benchmark"": ""Copy2048 perplexity ratio"", ""value"": 0.9877999503608095, ""unit"": ""ratio""}]",panel_149,exp_20260908_32b_collapsed_wrapper_ledger_retry:24:25,"[""54e69c58c54760e1f8c2c8507718ec3f2617a2446e5d544f007e206e435ce765""]"
59375dea9616baa29cc2,local8_span16_wide_depth1,allenai/OLMo-2-0325-32B-Instruct,exp_20260908_32b_collapsed_wrapper_ledger_retry | fixed synthetic copy32 windows length512,registry-reported,Dendritic replacement,negative (experiment assessment; see original gate record),[],"[{""axis"": ""reported_compression"", ""label"": ""Registered compression (scope in record)"", ""value"": 1.2261623923121117, ""unit"": ""factor""}]","[{""benchmark"": ""Copy512 perplexity ratio"", ""value"": 0.8858328478414551, ""unit"": ""ratio""}]",panel_150,exp_20260908_32b_collapsed_wrapper_ledger_retry:24:26,"[""54e69c58c54760e1f8c2c8507718ec3f2617a2446e5d544f007e206e435ce765""]"
7ab4296a5fcc8801df2e,local8_span16_wide_depth1,allenai/OLMo-2-0325-32B-Instruct,exp_20260908_32b_collapsed_wrapper_ledger_retry | GSM8K fixed train development prefix n=64,registry-reported,Dendritic replacement,negative (experiment assessment; see original gate record),[],"[{""axis"": ""reported_compression"", ""label"": ""Registered compression (scope in record)"", ""value"": 1.2261623923121117, ""unit"": ""factor""}]","[{""benchmark"": ""GSM correct"", ""value"": 28, ""unit"": ""items""}]",panel_146,exp_20260908_32b_collapsed_wrapper_ledger_retry:24:22,"[""54e69c58c54760e1f8c2c8507718ec3f2617a2446e5d544f007e206e435ce765""]"
ff0746e0f6c149e2e845,local8_span16_wide_depth1,allenai/OLMo-2-0325-32B-Instruct,exp_20260908_32b_collapsed_wrapper_ledger_retry | fixed C4 selector256 windows,registry-reported,Dendritic replacement,negative (experiment assessment; see original gate record),[],"[{""axis"": ""reported_compression"", ""label"": ""Registered compression (scope in record)"", ""value"": 1.2261623923121117, ""unit"": ""factor""}]","[{""benchmark"": ""C4 teacher KL"", ""value"": 0.3768327566312032, ""unit"": ""nats/token""}]",panel_152,exp_20260908_32b_collapsed_wrapper_ledger_retry:24:23,"[""54e69c58c54760e1f8c2c8507718ec3f2617a2446e5d544f007e206e435ce765""]"
571df23c19c9faed0018,local8_span8_deep_depth2,allenai/OLMo-2-0325-32B-Instruct,exp_20260908_32b_collapsed_wrapper_ledger_retry | fixed synthetic copy32 windows length512,registry-reported,Dendritic replacement,negative (experiment assessment; see original gate record),[],"[{""axis"": ""reported_compression"", ""label"": ""Registered compression (scope in record)"", ""value"": 1.1015932594903086, ""unit"": ""factor""}]","[{""benchmark"": ""Copy512 perplexity ratio"", ""value"": 0.9862556676100575, ""unit"": ""ratio""}]",panel_150,exp_20260908_32b_collapsed_wrapper_ledger_retry:4:6,"[""54e69c58c54760e1f8c2c8507718ec3f2617a2446e5d544f007e206e435ce765""]"
7da3cf961321ecc40c29,local8_span8_deep_depth2,allenai/OLMo-2-0325-32B-Instruct,exp_20260908_32b_collapsed_wrapper_ledger_retry | GSM8K fixed train development prefix n=64,registry-reported,Dendritic replacement,negative (experiment assessment; see original gate record),[],"[{""axis"": ""reported_compression"", ""label"": ""Registered compression (scope in record)"", ""value"": 1.1015932594903086, ""unit"": ""factor""}]","[{""benchmark"": ""GSM correct"", ""value"": 46, ""unit"": ""items""}]",panel_146,exp_20260908_32b_collapsed_wrapper_ledger_retry:4:0,"[""54e69c58c54760e1f8c2c8507718ec3f2617a2446e5d544f007e206e435ce765""]"
cf59e42e16671617ee10,local8_span8_deep_depth2,allenai/OLMo-2-0325-32B-Instruct,exp_20260908_32b_collapsed_wrapper_ledger_retry | fixed synthetic copy32 windows length2048,registry-reported,Dendritic replacement,negative (experiment assessment; see original gate record),[],"[{""axis"": ""reported_compression"", ""label"": ""Registered compression (scope in record)"", ""value"": 1.1015932594903086, ""unit"": ""factor""}]","[{""benchmark"": ""Copy2048 perplexity ratio"", ""value"": 1.0268305397303337, ""unit"": ""ratio""}]",panel_149,exp_20260908_32b_collapsed_wrapper_ledger_retry:4:5,"[""54e69c58c54760e1f8c2c8507718ec3f2617a2446e5d544f007e206e435ce765""]"
f8e186463d1a6edf9652,local8_span8_deep_depth2,allenai/OLMo-2-0325-32B-Instruct,exp_20260908_32b_collapsed_wrapper_ledger_retry | fixed C4 selection256 windows; not independent gate,registry-reported,Dendritic replacement,negative (experiment assessment; see original gate record),[],"[{""axis"": ""reported_compression"", ""label"": ""Registered compression (scope in record)"", ""value"": 1.1015932594903086, ""unit"": ""factor""}]","[{""benchmark"": ""C4 teacher KL"", ""value"": 0.17897902302445307, ""unit"": ""nats/token""}]",panel_148,exp_20260908_32b_collapsed_wrapper_ledger_retry:4:2,"[""54e69c58c54760e1f8c2c8507718ec3f2617a2446e5d544f007e206e435ce765""]"
fa4465d01d21058ffac6,local8_span8_deep_depth2,allenai/OLMo-2-0325-32B-Instruct,exp_20260908_32b_collapsed_wrapper_ledger_retry | six-task fixed train development prefix n=192,registry-reported,Dendritic replacement,negative (experiment assessment; see original gate record),[],"[{""axis"": ""reported_compression"", ""label"": ""Registered compression (scope in record)"", ""value"": 1.1015932594903086, ""unit"": ""factor""}]","[{""benchmark"": ""MC correct"", ""value"": 169, ""unit"": ""items""}]",panel_147,exp_20260908_32b_collapsed_wrapper_ledger_retry:4:1,"[""54e69c58c54760e1f8c2c8507718ec3f2617a2446e5d544f007e206e435ce765""]"
0b18cca398558c03ea57,local8_span8_deep_depth4,allenai/OLMo-2-0325-32B-Instruct,exp_20260908_32b_collapsed_wrapper_ledger_retry | fixed synthetic copy32 windows length2048,registry-reported,Dendritic replacement,negative (experiment assessment; see original gate record),[],"[{""axis"": ""reported_compression"", ""label"": ""Registered compression (scope in record)"", ""value"": 1.101593207086388, ""unit"": ""factor""}]","[{""benchmark"": ""Copy2048 perplexity ratio"", ""value"": 1.0755133381148063, ""unit"": ""ratio""}]",panel_149,exp_20260908_32b_collapsed_wrapper_ledger_retry:11:12,"[""54e69c58c54760e1f8c2c8507718ec3f2617a2446e5d544f007e206e435ce765""]"
3934c29687c7abb7fff7,local8_span8_deep_depth4,allenai/OLMo-2-0325-32B-Instruct,exp_20260908_32b_collapsed_wrapper_ledger_retry | fixed synthetic copy32 windows length512,registry-reported,Dendritic replacement,negative (experiment assessment; see original gate record),[],"[{""axis"": ""reported_compression"", ""label"": ""Registered compression (scope in record)"", ""value"": 1.101593207086388, ""unit"": ""factor""}]","[{""benchmark"": ""Copy512 perplexity ratio"", ""value"": 1.0624105482449255, ""unit"": ""ratio""}]",panel_150,exp_20260908_32b_collapsed_wrapper_ledger_retry:11:13,"[""54e69c58c54760e1f8c2c8507718ec3f2617a2446e5d544f007e206e435ce765""]"
b1470e950fc4902a79e0,local8_span8_deep_depth4,allenai/OLMo-2-0325-32B-Instruct,exp_20260908_32b_collapsed_wrapper_ledger_retry | six-task fixed train development prefix n=192,registry-reported,Dendritic replacement,negative (experiment assessment; see original gate record),[],"[{""axis"": ""reported_compression"", ""label"": ""Registered compression (scope in record)"", ""value"": 1.101593207086388, ""unit"": ""factor""}]","[{""benchmark"": ""MC correct"", ""value"": 169, ""unit"": ""items""}]",panel_147,exp_20260908_32b_collapsed_wrapper_ledger_retry:11:8,"[""54e69c58c54760e1f8c2c8507718ec3f2617a2446e5d544f007e206e435ce765""]"
e2a53d40c396869e3376,local8_span8_deep_depth4,allenai/OLMo-2-0325-32B-Instruct,exp_20260908_32b_collapsed_wrapper_ledger_retry | GSM8K fixed train development prefix n=64,registry-reported,Dendritic replacement,negative (experiment assessment; see original gate record),[],"[{""axis"": ""reported_compression"", ""label"": ""Registered compression (scope in record)"", ""value"": 1.101593207086388, ""unit"": ""factor""}]","[{""benchmark"": ""GSM correct"", ""value"": 47, ""unit"": ""items""}]",panel_146,exp_20260908_32b_collapsed_wrapper_ledger_retry:11:7,"[""54e69c58c54760e1f8c2c8507718ec3f2617a2446e5d544f007e206e435ce765""]"
e5f73e10b54945575af9,local8_span8_deep_depth4,allenai/OLMo-2-0325-32B-Instruct,exp_20260908_32b_collapsed_wrapper_ledger_retry | fixed C4 selection256 windows; not independent gate,registry-reported,Dendritic replacement,negative (experiment assessment; see original gate record),[],"[{""axis"": ""reported_compression"", ""label"": ""Registered compression (scope in record)"", ""value"": 1.101593207086388, ""unit"": ""factor""}]","[{""benchmark"": ""C4 teacher KL"", ""value"": 0.17956001926348955, ""unit"": ""nats/token""}]",panel_148,exp_20260908_32b_collapsed_wrapper_ledger_retry:11:9,"[""54e69c58c54760e1f8c2c8507718ec3f2617a2446e5d544f007e206e435ce765""]"
1e61594885332569bb55,local8_span8_independent,allenai/OLMo-2-0325-32B-Instruct,exp_20260908_32b_large_chunk_memory_repair | fixed synthetic copy32 windows length512,registry-reported,Dendritic replacement,mixed (experiment assessment; see original gate record),[],"[{""axis"": ""reported_compression"", ""label"": ""Registered compression (scope in record)"", ""value"": 1.1015929214436977, ""unit"": ""factor""}]","[{""benchmark"": ""Copy512 perplexity ratio"", ""value"": 0.9978851179290289, ""unit"": ""ratio""}]",panel_139,exp_20260908_32b_large_chunk_memory_repair:4:6,"[""54e69c58c54760e1f8c2c8507718ec3f2617a2446e5d544f007e206e435ce765""]"
286040c411fdab04a90c,local8_span8_independent,allenai/OLMo-2-0325-32B-Instruct,exp_20260908_32b_large_chunk_memory_repair | fixed synthetic copy32 windows length2048,registry-reported,Dendritic replacement,mixed (experiment assessment; see original gate record),[],"[{""axis"": ""reported_compression"", ""label"": ""Registered compression (scope in record)"", ""value"": 1.1015929214436977, ""unit"": ""factor""}]","[{""benchmark"": ""Copy2048 perplexity ratio"", ""value"": 1.0281815104381797, ""unit"": ""ratio""}]",panel_138,exp_20260908_32b_large_chunk_memory_repair:4:5,"[""54e69c58c54760e1f8c2c8507718ec3f2617a2446e5d544f007e206e435ce765""]"
54fe7fd7947f2e581186,local8_span8_independent,allenai/OLMo-2-0325-32B-Instruct,exp_20260908_32b_large_chunk_memory_repair | GSM8K fixed train development prefix n=64,registry-reported,Dendritic replacement,mixed (experiment assessment; see original gate record),[],"[{""axis"": ""reported_compression"", ""label"": ""Registered compression (scope in record)"", ""value"": 1.1015929214436977, ""unit"": ""factor""}]","[{""benchmark"": ""GSM correct"", ""value"": 47, ""unit"": ""items""}]",panel_135,exp_20260908_32b_large_chunk_memory_repair:4:0,"[""54e69c58c54760e1f8c2c8507718ec3f2617a2446e5d544f007e206e435ce765""]"
a85729e00909255eaa4e,local8_span8_independent,allenai/OLMo-2-0325-32B-Instruct,exp_20260908_32b_large_chunk_memory_repair | fixed C4 selection256 windows; not independent gate,registry-reported,Dendritic replacement,mixed (experiment assessment; see original gate record),[],"[{""axis"": ""reported_compression"", ""label"": ""Registered compression (scope in record)"", ""value"": 1.1015929214436977, ""unit"": ""factor""}]","[{""benchmark"": ""C4 teacher KL"", ""value"": 0.16989697791066138, ""unit"": ""nats/token""}]",panel_137,exp_20260908_32b_large_chunk_memory_repair:4:2,"[""54e69c58c54760e1f8c2c8507718ec3f2617a2446e5d544f007e206e435ce765""]"
a8d3907f0aa6a229739a,local8_span8_independent,allenai/OLMo-2-0325-32B-Instruct,exp_20260908_32b_large_chunk_memory_repair | six-task fixed train development prefix n=192,registry-reported,Dendritic replacement,mixed (experiment assessment; see original gate record),[],"[{""axis"": ""reported_compression"", ""label"": ""Registered compression (scope in record)"", ""value"": 1.1015929214436977, ""unit"": ""factor""}]","[{""benchmark"": ""MC correct"", ""value"": 166, ""unit"": ""items""}]",panel_136,exp_20260908_32b_large_chunk_memory_repair:4:1,"[""54e69c58c54760e1f8c2c8507718ec3f2617a2446e5d544f007e206e435ce765""]"
2c2644327e3cd47cfe8f,local8_span8_wide_depth1,allenai/OLMo-2-0325-32B-Instruct,exp_20260908_32b_collapsed_wrapper_ledger_retry | fixed synthetic copy32 windows length512,registry-reported,Dendritic replacement,negative (experiment assessment; see original gate record),[],"[{""axis"": ""reported_compression"", ""label"": ""Registered compression (scope in record)"", ""value"": 1.1015933537571438, ""unit"": ""factor""}]","[{""benchmark"": ""Copy512 perplexity ratio"", ""value"": 0.9839872233112141, ""unit"": ""ratio""}]",panel_150,exp_20260908_32b_collapsed_wrapper_ledger_retry:21:15,"[""54e69c58c54760e1f8c2c8507718ec3f2617a2446e5d544f007e206e435ce765""]"
6217d86144a1ba70b0ee,local8_span8_wide_depth1,allenai/OLMo-2-0325-32B-Instruct,exp_20260908_32b_collapsed_wrapper_ledger_retry | fixed synthetic copy32 windows length2048,registry-reported,Dendritic replacement,negative (experiment assessment; see original gate record),[],"[{""axis"": ""reported_compression"", ""label"": ""Registered compression (scope in record)"", ""value"": 1.1015933537571438, ""unit"": ""factor""}]","[{""benchmark"": ""Copy2048 perplexity ratio"", ""value"": 1.0163845339801247, ""unit"": ""ratio""}]",panel_149,exp_20260908_32b_collapsed_wrapper_ledger_retry:21:14,"[""54e69c58c54760e1f8c2c8507718ec3f2617a2446e5d544f007e206e435ce765""]"
7f5646290a6292f4dae5,local8_span8_wide_depth1,allenai/OLMo-2-0325-32B-Instruct,exp_20260908_32b_collapsed_wrapper_ledger_retry | fixed C4 selector256 windows; not independent gate,registry-reported,Dendritic replacement,negative (experiment assessment; see original gate record),[],"[{""axis"": ""reported_compression"", ""label"": ""Registered compression (scope in record)"", ""value"": 1.1015933537571438, ""unit"": ""factor""}]","[{""benchmark"": ""C4 teacher KL"", ""value"": 0.1779626456145371, ""unit"": ""nats/token""}]",panel_151,exp_20260908_32b_collapsed_wrapper_ledger_retry:21:19,"[""54e69c58c54760e1f8c2c8507718ec3f2617a2446e5d544f007e206e435ce765""]"
ac47584ad75ab67dcd1e,local8_span8_wide_depth1,allenai/OLMo-2-0325-32B-Instruct,exp_20260908_32b_collapsed_wrapper_ledger_retry | six-task fixed train development prefix n=192,registry-reported,Dendritic replacement,negative (experiment assessment; see original gate record),[],"[{""axis"": ""reported_compression"", ""label"": ""Registered compression (scope in record)"", ""value"": 1.1015933537571438, ""unit"": ""factor""}]","[{""benchmark"": ""MC correct"", ""value"": 167, ""unit"": ""items""}]",panel_147,exp_20260908_32b_collapsed_wrapper_ledger_retry:21:18,"[""54e69c58c54760e1f8c2c8507718ec3f2617a2446e5d544f007e206e435ce765""]"
b1b216c1ea408ffeeb83,local8_span8_wide_depth1,allenai/OLMo-2-0325-32B-Instruct,exp_20260908_32b_collapsed_wrapper_ledger_retry | GSM8K fixed train development prefix n=64,registry-reported,Dendritic replacement,negative (experiment assessment; see original gate record),[],"[{""axis"": ""reported_compression"", ""label"": ""Registered compression (scope in record)"", ""value"": 1.1015933537571438, ""unit"": ""factor""}]","[{""benchmark"": ""GSM correct"", ""value"": 47, ""unit"": ""items""}]",panel_146,exp_20260908_32b_collapsed_wrapper_ledger_retry:21:17,"[""54e69c58c54760e1f8c2c8507718ec3f2617a2446e5d544f007e206e435ce765""]"
0a3d57c536bc29e6b267,morph_span8_positive_ei_e2_i1,allenai/OLMo-2-0325-32B-Instruct,exp_20260909_population_morphology_screen | fixed synthetic copy32 windows length2048,registry-reported,Dendritic replacement,mixed (experiment assessment; see original gate record),[],"[{""axis"": ""reported_compression"", ""label"": ""Registered compression (scope in record)"", ""value"": 1.1015929769346022, ""unit"": ""factor""}]","[{""benchmark"": ""Copy2048 perplexity ratio"", ""value"": 1.0674995837389343, ""unit"": ""ratio""}]",panel_179,exp_20260909_population_morphology_screen:4:5,"[""55e613ba2771dbbd1a76cac4f781db5dbf8a7400b2cc74aa54aae25353bfe83a""]"
0cfac24569670c6dd366,morph_span8_positive_ei_e2_i1,allenai/OLMo-2-0325-32B-Instruct,exp_20260909_population_morphology_screen | six-task fixed train development prefix n=192,registry-reported,Dendritic replacement,mixed (experiment assessment; see original gate record),[],"[{""axis"": ""reported_compression"", ""label"": ""Registered compression (scope in record)"", ""value"": 1.1015929769346022, ""unit"": ""factor""}]","[{""benchmark"": ""MC correct"", ""value"": 168, ""unit"": ""items""}]",panel_177,exp_20260909_population_morphology_screen:4:1,"[""55e613ba2771dbbd1a76cac4f781db5dbf8a7400b2cc74aa54aae25353bfe83a""]"
a3569b988e60c1a9776a,morph_span8_positive_ei_e2_i1,allenai/OLMo-2-0325-32B-Instruct,exp_20260909_population_morphology_screen | fixed C4 selection256 windows; not independent gate,registry-reported,Dendritic replacement,mixed (experiment assessment; see original gate record),[],"[{""axis"": ""reported_compression"", ""label"": ""Registered compression (scope in record)"", ""value"": 1.1015929769346022, ""unit"": ""factor""}]","[{""benchmark"": ""C4 teacher KL"", ""value"": 0.20070246800314917, ""unit"": ""nats/token""}]",panel_178,exp_20260909_population_morphology_screen:4:2,"[""55e613ba2771dbbd1a76cac4f781db5dbf8a7400b2cc74aa54aae25353bfe83a""]"
bded21b0d13c62413411,morph_span8_positive_ei_e2_i1,allenai/OLMo-2-0325-32B-Instruct,exp_20260909_population_morphology_screen | fixed synthetic copy32 windows length512,registry-reported,Dendritic replacement,mixed (experiment assessment; see original gate record),[],"[{""axis"": ""reported_compression"", ""label"": ""Registered compression (scope in record)"", ""value"": 1.1015929769346022, ""unit"": ""factor""}]","[{""benchmark"": ""Copy512 perplexity ratio"", ""value"": 0.9892972081771737, ""unit"": ""ratio""}]",panel_180,exp_20260909_population_morphology_screen:4:6,"[""55e613ba2771dbbd1a76cac4f781db5dbf8a7400b2cc74aa54aae25353bfe83a""]"
edc00341781e0ad07b24,morph_span8_positive_ei_e2_i1,allenai/OLMo-2-0325-32B-Instruct,exp_20260909_population_morphology_screen | GSM8K fixed train development prefix n=64,registry-reported,Dendritic replacement,mixed (experiment assessment; see original gate record),[],"[{""axis"": ""reported_compression"", ""label"": ""Registered compression (scope in record)"", ""value"": 1.1015929769346022, ""unit"": ""factor""}]","[{""benchmark"": ""GSM correct"", ""value"": 51, ""unit"": ""items""}]",panel_176,exp_20260909_population_morphology_screen:4:0,"[""55e613ba2771dbbd1a76cac4f781db5dbf8a7400b2cc74aa54aae25353bfe83a""]"
0f3659602793ce645b00,morph_span8_positive_ei_e4_i1,allenai/OLMo-2-0325-32B-Instruct,exp_20260909_population_morphology_screen | six-task fixed train development prefix n=192,registry-reported,Dendritic replacement,mixed (experiment assessment; see original gate record),[],"[{""axis"": ""reported_compression"", ""label"": ""Registered compression (scope in record)"", ""value"": 1.1015940521190382, ""unit"": ""factor""}]","[{""benchmark"": ""MC correct"", ""value"": 169, ""unit"": ""items""}]",panel_177,exp_20260909_population_morphology_screen:11:8,"[""55e613ba2771dbbd1a76cac4f781db5dbf8a7400b2cc74aa54aae25353bfe83a""]"
105770c90d6e781afab8,morph_span8_positive_ei_e4_i1,allenai/OLMo-2-0325-32B-Instruct,exp_20260909_population_morphology_screen | GSM8K fixed train development prefix n=64,registry-reported,Dendritic replacement,mixed (experiment assessment; see original gate record),[],"[{""axis"": ""reported_compression"", ""label"": ""Registered compression (scope in record)"", ""value"": 1.1015940521190382, ""unit"": ""factor""}]","[{""benchmark"": ""GSM correct"", ""value"": 49, ""unit"": ""items""}]",panel_176,exp_20260909_population_morphology_screen:11:7,"[""55e613ba2771dbbd1a76cac4f781db5dbf8a7400b2cc74aa54aae25353bfe83a""]"
155c92b33b871c5589f6,morph_span8_positive_ei_e4_i1,allenai/OLMo-2-0325-32B-Instruct,exp_20260909_population_morphology_screen | fixed C4 selection256 windows; not independent gate,registry-reported,Dendritic replacement,mixed (experiment assessment; see original gate record),[],"[{""axis"": ""reported_compression"", ""label"": ""Registered compression (scope in record)"", ""value"": 1.1015940521190382, ""unit"": ""factor""}]","[{""benchmark"": ""C4 teacher KL"", ""value"": 0.19825090711879084, ""unit"": ""nats/token""}]",panel_178,exp_20260909_population_morphology_screen:11:9,"[""55e613ba2771dbbd1a76cac4f781db5dbf8a7400b2cc74aa54aae25353bfe83a""]"
54160ca9c013c4f77cce,morph_span8_positive_ei_e4_i1,allenai/OLMo-2-0325-32B-Instruct,exp_20260909_population_morphology_screen | fixed synthetic copy32 windows length512,registry-reported,Dendritic replacement,mixed (experiment assessment; see original gate record),[],"[{""axis"": ""reported_compression"", ""label"": ""Registered compression (scope in record)"", ""value"": 1.1015940521190382, ""unit"": ""factor""}]","[{""benchmark"": ""Copy512 perplexity ratio"", ""value"": 0.9793843971790516, ""unit"": ""ratio""}]",panel_180,exp_20260909_population_morphology_screen:11:13,"[""55e613ba2771dbbd1a76cac4f781db5dbf8a7400b2cc74aa54aae25353bfe83a""]"
c973fdc5c59f4ba6cfe8,morph_span8_positive_ei_e4_i1,allenai/OLMo-2-0325-32B-Instruct,exp_20260909_population_morphology_screen | fixed synthetic copy32 windows length2048,registry-reported,Dendritic replacement,mixed (experiment assessment; see original gate record),[],"[{""axis"": ""reported_compression"", ""label"": ""Registered compression (scope in record)"", ""value"": 1.1015940521190382, ""unit"": ""factor""}]","[{""benchmark"": ""Copy2048 perplexity ratio"", ""value"": 1.0557849734640212, ""unit"": ""ratio""}]",panel_179,exp_20260909_population_morphology_screen:11:12,"[""55e613ba2771dbbd1a76cac4f781db5dbf8a7400b2cc74aa54aae25353bfe83a""]"
1d23675a0ce29e27e07e,morph_span8_positive_ei_e8_i1,allenai/OLMo-2-0325-32B-Instruct,exp_20260909_population_morphology_screen | six-task fixed train development prefix n=192,registry-reported,Dendritic replacement,mixed (experiment assessment; see original gate record),[],"[{""axis"": ""reported_compression"", ""label"": ""Registered compression (scope in record)"", ""value"": 1.101592978741633, ""unit"": ""factor""}]","[{""benchmark"": ""MC correct"", ""value"": 168, ""unit"": ""items""}]",panel_177,exp_20260909_population_morphology_screen:18:15,"[""55e613ba2771dbbd1a76cac4f781db5dbf8a7400b2cc74aa54aae25353bfe83a""]"
21792ced0b0de0592473,morph_span8_positive_ei_e8_i1,allenai/OLMo-2-0325-32B-Instruct,exp_20260909_population_morphology_screen | fixed synthetic copy32 windows length2048,registry-reported,Dendritic replacement,mixed (experiment assessment; see original gate record),[],"[{""axis"": ""reported_compression"", ""label"": ""Registered compression (scope in record)"", ""value"": 1.101592978741633, ""unit"": ""factor""}]","[{""benchmark"": ""Copy2048 perplexity ratio"", ""value"": 1.036439571360158, ""unit"": ""ratio""}]",panel_179,exp_20260909_population_morphology_screen:18:19,"[""55e613ba2771dbbd1a76cac4f781db5dbf8a7400b2cc74aa54aae25353bfe83a""]"
36f50354af0201c0491f,morph_span8_positive_ei_e8_i1,allenai/OLMo-2-0325-32B-Instruct,exp_20260909_population_morphology_screen | GSM8K fixed train development prefix n=64,registry-reported,Dendritic replacement,mixed (experiment assessment; see original gate record),[],"[{""axis"": ""reported_compression"", ""label"": ""Registered compression (scope in record)"", ""value"": 1.101592978741633, ""unit"": ""factor""}]","[{""benchmark"": ""GSM correct"", ""value"": 49, ""unit"": ""items""}]",panel_176,exp_20260909_population_morphology_screen:18:14,"[""55e613ba2771dbbd1a76cac4f781db5dbf8a7400b2cc74aa54aae25353bfe83a""]"
4c70308b118b14fe84cc,morph_span8_positive_ei_e8_i1,allenai/OLMo-2-0325-32B-Instruct,exp_20260909_population_morphology_screen | fixed C4 selection256 windows; not independent gate,registry-reported,Dendritic replacement,mixed (experiment assessment; see original gate record),[],"[{""axis"": ""reported_compression"", ""label"": ""Registered compression (scope in record)"", ""value"": 1.101592978741633, ""unit"": ""factor""}]","[{""benchmark"": ""C4 teacher KL"", ""value"": 0.19893050012866978, ""unit"": ""nats/token""}]",panel_178,exp_20260909_population_morphology_screen:18:16,"[""55e613ba2771dbbd1a76cac4f781db5dbf8a7400b2cc74aa54aae25353bfe83a""]"
5648d435dc6484f510a0,morph_span8_positive_ei_e8_i1,allenai/OLMo-2-0325-32B-Instruct,exp_20260909_population_morphology_screen | fixed synthetic copy32 windows length512,registry-reported,Dendritic replacement,mixed (experiment assessment; see original gate record),[],"[{""axis"": ""reported_compression"", ""label"": ""Registered compression (scope in record)"", ""value"": 1.101592978741633, ""unit"": ""factor""}]","[{""benchmark"": ""Copy512 perplexity ratio"", ""value"": 0.9742422535270654, ""unit"": ""ratio""}]",panel_180,exp_20260909_population_morphology_screen:18:20,"[""55e613ba2771dbbd1a76cac4f781db5dbf8a7400b2cc74aa54aae25353bfe83a""]"
63aa59d42a65e7ece8b1,morph_span8_signed_control,allenai/OLMo-2-0325-32B-Instruct,exp_20260909_population_morphology_screen | GSM8K fixed train development prefix n=64,registry-reported,Dendritic replacement,mixed (experiment assessment; see original gate record),[],"[{""axis"": ""reported_compression"", ""label"": ""Registered compression (scope in record)"", ""value"": 1.1015933537571438, ""unit"": ""factor""}]","[{""benchmark"": ""GSM correct"", ""value"": 50, ""unit"": ""items""}]",panel_176,exp_20260909_population_morphology_screen:25:21,"[""55e613ba2771dbbd1a76cac4f781db5dbf8a7400b2cc74aa54aae25353bfe83a""]"
770889ae41b11c717219,morph_span8_signed_control,allenai/OLMo-2-0325-32B-Instruct,exp_20260909_population_morphology_screen | six-task fixed train development prefix n=192,registry-reported,Dendritic replacement,mixed (experiment assessment; see original gate record),[],"[{""axis"": ""reported_compression"", ""label"": ""Registered compression (scope in record)"", ""value"": 1.1015933537571438, ""unit"": ""factor""}]","[{""benchmark"": ""MC correct"", ""value"": 166, ""unit"": ""items""}]",panel_177,exp_20260909_population_morphology_screen:25:22,"[""55e613ba2771dbbd1a76cac4f781db5dbf8a7400b2cc74aa54aae25353bfe83a""]"
8f44258cea09088c5d7b,morph_span8_signed_control,allenai/OLMo-2-0325-32B-Instruct,exp_20260909_population_morphology_screen | fixed C4 selection256 windows; not independent gate,registry-reported,Dendritic replacement,mixed (experiment assessment; see original gate record),[],"[{""axis"": ""reported_compression"", ""label"": ""Registered compression (scope in record)"", ""value"": 1.1015933537571438, ""unit"": ""factor""}]","[{""benchmark"": ""C4 teacher KL"", ""value"": 0.1778364661868882, ""unit"": ""nats/token""}]",panel_178,exp_20260909_population_morphology_screen:25:23,"[""55e613ba2771dbbd1a76cac4f781db5dbf8a7400b2cc74aa54aae25353bfe83a""]"
a90494b5b795990fa55a,morph_span8_signed_control,allenai/OLMo-2-0325-32B-Instruct,exp_20260909_population_morphology_screen | fixed synthetic copy32 windows length512,registry-reported,Dendritic replacement,mixed (experiment assessment; see original gate record),[],"[{""axis"": ""reported_compression"", ""label"": ""Registered compression (scope in record)"", ""value"": 1.1015933537571438, ""unit"": ""factor""}]","[{""benchmark"": ""Copy512 perplexity ratio"", ""value"": 0.981093363929059, ""unit"": ""ratio""}]",panel_180,exp_20260909_population_morphology_screen:25:27,"[""55e613ba2771dbbd1a76cac4f781db5dbf8a7400b2cc74aa54aae25353bfe83a""]"
dcc0209590e71d594b0a,morph_span8_signed_control,allenai/OLMo-2-0325-32B-Instruct,exp_20260909_population_morphology_screen | fixed synthetic copy32 windows length2048,registry-reported,Dendritic replacement,mixed (experiment assessment; see original gate record),[],"[{""axis"": ""reported_compression"", ""label"": ""Registered compression (scope in record)"", ""value"": 1.1015933537571438, ""unit"": ""factor""}]","[{""benchmark"": ""Copy2048 perplexity ratio"", ""value"": 1.0059605094777462, ""unit"": ""ratio""}]",panel_179,exp_20260909_population_morphology_screen:25:26,"[""55e613ba2771dbbd1a76cac4f781db5dbf8a7400b2cc74aa54aae25353bfe83a""]"
2ce6182cfa335917275e,morph_span8_signed_double_contacts,allenai/OLMo-2-0325-32B-Instruct,exp_20260909_population_morphology_screen | fixed synthetic copy32 windows length512,registry-reported,Dendritic replacement,mixed (experiment assessment; see original gate record),[],"[{""axis"": ""reported_compression"", ""label"": ""Registered compression (scope in record)"", ""value"": 1.1015929745816972, ""unit"": ""factor""}]","[{""benchmark"": ""Copy512 perplexity ratio"", ""value"": 0.9918567627782163, ""unit"": ""ratio""}]",panel_180,exp_20260909_population_morphology_screen:32:34,"[""55e613ba2771dbbd1a76cac4f781db5dbf8a7400b2cc74aa54aae25353bfe83a""]"
8d6d05a9188ae968202f,morph_span8_signed_double_contacts,allenai/OLMo-2-0325-32B-Instruct,exp_20260909_population_morphology_screen | GSM8K fixed train development prefix n=64,registry-reported,Dendritic replacement,mixed (experiment assessment; see original gate record),[],"[{""axis"": ""reported_compression"", ""label"": ""Registered compression (scope in record)"", ""value"": 1.1015929745816972, ""unit"": ""factor""}]","[{""benchmark"": ""GSM correct"", ""value"": 47, ""unit"": ""items""}]",panel_176,exp_20260909_population_morphology_screen:32:28,"[""55e613ba2771dbbd1a76cac4f781db5dbf8a7400b2cc74aa54aae25353bfe83a""]"
cafae330f2a5b3d454e9,morph_span8_signed_double_contacts,allenai/OLMo-2-0325-32B-Instruct,exp_20260909_population_morphology_screen | fixed C4 selection256 windows; not independent gate,registry-reported,Dendritic replacement,mixed (experiment assessment; see original gate record),[],"[{""axis"": ""reported_compression"", ""label"": ""Registered compression (scope in record)"", ""value"": 1.1015929745816972, ""unit"": ""factor""}]","[{""benchmark"": ""C4 teacher KL"", ""value"": 0.17746585449890204, ""unit"": ""nats/token""}]",panel_178,exp_20260909_population_morphology_screen:32:30,"[""55e613ba2771dbbd1a76cac4f781db5dbf8a7400b2cc74aa54aae25353bfe83a""]"
d1324bee70cd5184f36e,morph_span8_signed_double_contacts,allenai/OLMo-2-0325-32B-Instruct,exp_20260909_population_morphology_screen | six-task fixed train development prefix n=192,registry-reported,Dendritic replacement,mixed (experiment assessment; see original gate record),[],"[{""axis"": ""reported_compression"", ""label"": ""Registered compression (scope in record)"", ""value"": 1.1015929745816972, ""unit"": ""factor""}]","[{""benchmark"": ""MC correct"", ""value"": 167, ""unit"": ""items""}]",panel_177,exp_20260909_population_morphology_screen:32:29,"[""55e613ba2771dbbd1a76cac4f781db5dbf8a7400b2cc74aa54aae25353bfe83a""]"
da9d7347c6f8bd9c1c82,morph_span8_signed_double_contacts,allenai/OLMo-2-0325-32B-Instruct,exp_20260909_population_morphology_screen | fixed synthetic copy32 windows length2048,registry-reported,Dendritic replacement,mixed (experiment assessment; see original gate record),[],"[{""axis"": ""reported_compression"", ""label"": ""Registered compression (scope in record)"", ""value"": 1.1015929745816972, ""unit"": ""factor""}]","[{""benchmark"": ""Copy2048 perplexity ratio"", ""value"": 1.0163056773045105, ""unit"": ""ratio""}]",panel_179,exp_20260909_population_morphology_screen:32:33,"[""55e613ba2771dbbd1a76cac4f781db5dbf8a7400b2cc74aa54aae25353bfe83a""]"
67f0b7fe7f068088c289,morph_span8_signed_ei_additive,allenai/OLMo-2-0325-32B-Instruct,exp_20260909_population_morphology_screen | GSM8K fixed train development prefix n=64,registry-reported,Dendritic replacement,mixed (experiment assessment; see original gate record),[],"[{""axis"": ""reported_compression"", ""label"": ""Registered compression (scope in record)"", ""value"": 1.1015929579796013, ""unit"": ""factor""}]","[{""benchmark"": ""GSM correct"", ""value"": 48, ""unit"": ""items""}]",panel_176,exp_20260909_population_morphology_screen:39:35,"[""55e613ba2771dbbd1a76cac4f781db5dbf8a7400b2cc74aa54aae25353bfe83a""]"
8a3acff3aaff5a6b098f,morph_span8_signed_ei_additive,allenai/OLMo-2-0325-32B-Instruct,exp_20260909_population_morphology_screen | fixed C4 selection256 windows; not independent gate,registry-reported,Dendritic replacement,mixed (experiment assessment; see original gate record),[],"[{""axis"": ""reported_compression"", ""label"": ""Registered compression (scope in record)"", ""value"": 1.1015929579796013, ""unit"": ""factor""}]","[{""benchmark"": ""C4 teacher KL"", ""value"": 0.17969899188939575, ""unit"": ""nats/token""}]",panel_178,exp_20260909_population_morphology_screen:39:37,"[""55e613ba2771dbbd1a76cac4f781db5dbf8a7400b2cc74aa54aae25353bfe83a""]"
98942ce0e9492a6efdba,morph_span8_signed_ei_additive,allenai/OLMo-2-0325-32B-Instruct,exp_20260909_population_morphology_screen | fixed synthetic copy32 windows length512,registry-reported,Dendritic replacement,mixed (experiment assessment; see original gate record),[],"[{""axis"": ""reported_compression"", ""label"": ""Registered compression (scope in record)"", ""value"": 1.1015929579796013, ""unit"": ""factor""}]","[{""benchmark"": ""Copy512 perplexity ratio"", ""value"": 0.9695772466233201, ""unit"": ""ratio""}]",panel_180,exp_20260909_population_morphology_screen:39:41,"[""55e613ba2771dbbd1a76cac4f781db5dbf8a7400b2cc74aa54aae25353bfe83a""]"
d118efeba9deb47256eb,morph_span8_signed_ei_additive,allenai/OLMo-2-0325-32B-Instruct,exp_20260909_population_morphology_screen | six-task fixed train development prefix n=192,registry-reported,Dendritic replacement,mixed (experiment assessment; see original gate record),[],"[{""axis"": ""reported_compression"", ""label"": ""Registered compression (scope in record)"", ""value"": 1.1015929579796013, ""unit"": ""factor""}]","[{""benchmark"": ""MC correct"", ""value"": 168, ""unit"": ""items""}]",panel_177,exp_20260909_population_morphology_screen:39:36,"[""55e613ba2771dbbd1a76cac4f781db5dbf8a7400b2cc74aa54aae25353bfe83a""]"
f6d180a6df86e733c72a,morph_span8_signed_ei_additive,allenai/OLMo-2-0325-32B-Instruct,exp_20260909_population_morphology_screen | fixed synthetic copy32 windows length2048,registry-reported,Dendritic replacement,mixed (experiment assessment; see original gate record),[],"[{""axis"": ""reported_compression"", ""label"": ""Registered compression (scope in record)"", ""value"": 1.1015929579796013, ""unit"": ""factor""}]","[{""benchmark"": ""Copy2048 perplexity ratio"", ""value"": 0.9999712821494545, ""unit"": ""ratio""}]",panel_179,exp_20260909_population_morphology_screen:39:40,"[""55e613ba2771dbbd1a76cac4f781db5dbf8a7400b2cc74aa54aae25353bfe83a""]"
71bb6a31160ed863778d,morph_span8_signed_half_contacts,allenai/OLMo-2-0325-32B-Instruct,exp_20260909_population_morphology_screen | GSM8K fixed train development prefix n=64,registry-reported,Dendritic replacement,mixed (experiment assessment; see original gate record),[],"[{""axis"": ""reported_compression"", ""label"": ""Registered compression (scope in record)"", ""value"": 1.1015929324176448, ""unit"": ""factor""}]","[{""benchmark"": ""GSM correct"", ""value"": 48, ""unit"": ""items""}]",panel_176,exp_20260909_population_morphology_screen:46:42,"[""55e613ba2771dbbd1a76cac4f781db5dbf8a7400b2cc74aa54aae25353bfe83a""]"
8355be8bd25033898129,morph_span8_signed_half_contacts,allenai/OLMo-2-0325-32B-Instruct,exp_20260909_population_morphology_screen | six-task fixed train development prefix n=192,registry-reported,Dendritic replacement,mixed (experiment assessment; see original gate record),[],"[{""axis"": ""reported_compression"", ""label"": ""Registered compression (scope in record)"", ""value"": 1.1015929324176448, ""unit"": ""factor""}]","[{""benchmark"": ""MC correct"", ""value"": 166, ""unit"": ""items""}]",panel_177,exp_20260909_population_morphology_screen:46:43,"[""55e613ba2771dbbd1a76cac4f781db5dbf8a7400b2cc74aa54aae25353bfe83a""]"
8692a0b2a796fc7c5f66,morph_span8_signed_half_contacts,allenai/OLMo-2-0325-32B-Instruct,exp_20260909_population_morphology_screen | fixed C4 selection256 windows; not independent gate,registry-reported,Dendritic replacement,mixed (experiment assessment; see original gate record),[],"[{""axis"": ""reported_compression"", ""label"": ""Registered compression (scope in record)"", ""value"": 1.1015929324176448, ""unit"": ""factor""}]","[{""benchmark"": ""C4 teacher KL"", ""value"": 0.1776143522133058, ""unit"": ""nats/token""}]",panel_178,exp_20260909_population_morphology_screen:46:44,"[""55e613ba2771dbbd1a76cac4f781db5dbf8a7400b2cc74aa54aae25353bfe83a""]"
c214d6f391d7fb350060,morph_span8_signed_half_contacts,allenai/OLMo-2-0325-32B-Instruct,exp_20260909_population_morphology_screen | fixed synthetic copy32 windows length512,registry-reported,Dendritic replacement,mixed (experiment assessment; see original gate record),[],"[{""axis"": ""reported_compression"", ""label"": ""Registered compression (scope in record)"", ""value"": 1.1015929324176448, ""unit"": ""factor""}]","[{""benchmark"": ""Copy512 perplexity ratio"", ""value"": 0.9729321775382975, ""unit"": ""ratio""}]",panel_180,exp_20260909_population_morphology_screen:46:48,"[""55e613ba2771dbbd1a76cac4f781db5dbf8a7400b2cc74aa54aae25353bfe83a""]"
d3cf795976748c2f1104,morph_span8_signed_half_contacts,allenai/OLMo-2-0325-32B-Instruct,exp_20260909_population_morphology_screen | fixed synthetic copy32 windows length2048,registry-reported,Dendritic replacement,mixed (experiment assessment; see original gate record),[],"[{""axis"": ""reported_compression"", ""label"": ""Registered compression (scope in record)"", ""value"": 1.1015929324176448, ""unit"": ""factor""}]","[{""benchmark"": ""Copy2048 perplexity ratio"", ""value"": 1.0001861644947379, ""unit"": ""ratio""}]",panel_179,exp_20260909_population_morphology_screen:46:47,"[""55e613ba2771dbbd1a76cac4f781db5dbf8a7400b2cc74aa54aae25353bfe83a""]"
2b7b4539fc28761bd773,morph_span8_signed_star4,allenai/OLMo-2-0325-32B-Instruct,exp_20260909_population_morphology_screen | six-task fixed train development prefix n=192,registry-reported,Dendritic replacement,mixed (experiment assessment; see original gate record),[],"[{""axis"": ""reported_compression"", ""label"": ""Registered compression (scope in record)"", ""value"": 1.1015929235707234, ""unit"": ""factor""}]","[{""benchmark"": ""MC correct"", ""value"": 169, ""unit"": ""items""}]",panel_177,exp_20260909_population_morphology_screen:53:50,"[""55e613ba2771dbbd1a76cac4f781db5dbf8a7400b2cc74aa54aae25353bfe83a""]"
6dc2bbbd3347dfdea3e1,morph_span8_signed_star4,allenai/OLMo-2-0325-32B-Instruct,exp_20260909_population_morphology_screen | fixed synthetic copy32 windows length2048,registry-reported,Dendritic replacement,mixed (experiment assessment; see original gate record),[],"[{""axis"": ""reported_compression"", ""label"": ""Registered compression (scope in record)"", ""value"": 1.1015929235707234, ""unit"": ""factor""}]","[{""benchmark"": ""Copy2048 perplexity ratio"", ""value"": 1.0100392305426116, ""unit"": ""ratio""}]",panel_179,exp_20260909_population_morphology_screen:53:54,"[""55e613ba2771dbbd1a76cac4f781db5dbf8a7400b2cc74aa54aae25353bfe83a""]"
a53b80cb355155476fbc,morph_span8_signed_star4,allenai/OLMo-2-0325-32B-Instruct,exp_20260909_population_morphology_screen | fixed synthetic copy32 windows length512,registry-reported,Dendritic replacement,mixed (experiment assessment; see original gate record),[],"[{""axis"": ""reported_compression"", ""label"": ""Registered compression (scope in record)"", ""value"": 1.1015929235707234, ""unit"": ""factor""}]","[{""benchmark"": ""Copy512 perplexity ratio"", ""value"": 0.9763322981471512, ""unit"": ""ratio""}]",panel_180,exp_20260909_population_morphology_screen:53:55,"[""55e613ba2771dbbd1a76cac4f781db5dbf8a7400b2cc74aa54aae25353bfe83a""]"
d151a4707bf415c2a31b,morph_span8_signed_star4,allenai/OLMo-2-0325-32B-Instruct,exp_20260909_population_morphology_screen | GSM8K fixed train development prefix n=64,registry-reported,Dendritic replacement,mixed (experiment assessment; see original gate record),[],"[{""axis"": ""reported_compression"", ""label"": ""Registered compression (scope in record)"", ""value"": 1.1015929235707234, ""unit"": ""factor""}]","[{""benchmark"": ""GSM correct"", ""value"": 49, ""unit"": ""items""}]",panel_176,exp_20260909_population_morphology_screen:53:49,"[""55e613ba2771dbbd1a76cac4f781db5dbf8a7400b2cc74aa54aae25353bfe83a""]"
ec284324faa52c218474,morph_span8_signed_star4,allenai/OLMo-2-0325-32B-Instruct,exp_20260909_population_morphology_screen | fixed C4 selection256 windows; not independent gate,registry-reported,Dendritic replacement,mixed (experiment assessment; see original gate record),[],"[{""axis"": ""reported_compression"", ""label"": ""Registered compression (scope in record)"", ""value"": 1.1015929235707234, ""unit"": ""factor""}]","[{""benchmark"": ""C4 teacher KL"", ""value"": 0.17601065992356343, ""unit"": ""nats/token""}]",panel_178,exp_20260909_population_morphology_screen:53:51,"[""55e613ba2771dbbd1a76cac4f781db5dbf8a7400b2cc74aa54aae25353bfe83a""]"
067b3992b95eabf38dfd,morph_span8_signed_tree8,allenai/OLMo-2-0325-32B-Instruct,exp_20260909_32b_cached_runtime_exact_control_v5 | fixed synthetic copy32 length2048,registry-reported,Dendritic replacement,mixed (experiment assessment; see original gate record),[],"[{""axis"": ""reported_compression"", ""label"": ""Registered compression (scope in record)"", ""value"": 1.101592947890346, ""unit"": ""factor""}]","[{""benchmark"": ""Copy2048 perplexity ratio"", ""value"": 1.0353420832027258, ""unit"": ""ratio""}]",panel_56,exp_20260909_32b_cached_runtime_exact_control_v5:4:3,"[""a6cf6d0638c0f68f7a4f4a3cff1c125f28046243b3aed7e79c24d73f027b32a4""]"
558673f560a966c0db50,morph_span8_signed_tree8,allenai/OLMo-2-0325-32B-Instruct,exp_20260909_32b_cached_runtime_exact_control_v5 | six-task fixed development prefix n=192,registry-reported,Dendritic replacement,mixed (experiment assessment; see original gate record),[],"[{""axis"": ""reported_compression"", ""label"": ""Registered compression (scope in record)"", ""value"": 1.101592947890346, ""unit"": ""factor""}]","[{""benchmark"": ""MC correct"", ""value"": 167, ""unit"": ""items""}]",panel_55,exp_20260909_32b_cached_runtime_exact_control_v5:4:1,"[""a6cf6d0638c0f68f7a4f4a3cff1c125f28046243b3aed7e79c24d73f027b32a4""]"
dbb5c86a615fa7ed1b11,morph_span8_signed_tree8,allenai/OLMo-2-0325-32B-Instruct,exp_20260909_32b_cached_runtime_exact_control_v5 | GSM8K fixed development prefix n=64,registry-reported,Dendritic replacement,mixed (experiment assessment; see original gate record),[],"[{""axis"": ""reported_compression"", ""label"": ""Registered compression (scope in record)"", ""value"": 1.101592947890346, ""unit"": ""factor""}]","[{""benchmark"": ""GSM correct"", ""value"": 48, ""unit"": ""items""}]",panel_54,exp_20260909_32b_cached_runtime_exact_control_v5:4:0,"[""a6cf6d0638c0f68f7a4f4a3cff1c125f28046243b3aed7e79c24d73f027b32a4""]"
1d4ad3323a97cb277c16,native_q16_bf16,allenai/OLMo-2-0325-32B-Instruct,exp_20260918_native_attention_full | full_development_partial,registry-reported,Method not classified,pending (experiment assessment; see original gate record),[],"[{""axis"": ""registered_unspecified"", ""label"": ""Registered bytes (scope in record)"", ""value"": 17121060216, ""unit"": ""bytes""}]","[{""benchmark"": ""Copy512 perplexity ratio"", ""value"": 1.12374772289242, ""unit"": ""ratio""}, {""benchmark"": ""Copy2048 perplexity ratio"", ""value"": 1.1077260441942083, ""unit"": ""ratio""}]",panel_121,exp_20260918_native_attention_full:0:3,"[""c5ed8fd39572e3bb769f9535526cb2171adc8cdcfd007815ab553a69851d1241""]"
3ce146b7e81a281ea7c3,original1536_replay4,allenai/OLMo-2-0325-32B-Instruct,exp_20260911_matched_whole_pool_recovery | fixed copy2048 32windows,registry-reported,Dendritic replacement,mixed (experiment assessment; see original gate record),[],"[{""axis"": ""whole_registered_bytes"", ""label"": ""Whole-model registered bytes"", ""value"": 58530029553, ""unit"": ""bytes""}, {""axis"": ""whole_compression"", ""label"": ""Whole-model registered compression"", ""value"": 1.1014612604906093, ""unit"": ""factor""}]","[{""benchmark"": ""Copy2048 perplexity ratio"", ""value"": 1.0241637183885726, ""unit"": ""factor""}]",panel_218,exp_20260911_matched_whole_pool_recovery:16:23,"[""b06304aebf81a70626c4546f896b40f0bd9177a953803deb23fe023ace06a157""]"
681d2649d50c3aeb0070,original1536_replay4,allenai/OLMo-2-0325-32B-Instruct,exp_20260911_matched_whole_pool_recovery | frozen MC development192,registry-reported,Dendritic replacement,mixed (experiment assessment; see original gate record),[],"[{""axis"": ""whole_registered_bytes"", ""label"": ""Whole-model registered bytes"", ""value"": 58530029553, ""unit"": ""bytes""}, {""axis"": ""whole_compression"", ""label"": ""Whole-model registered compression"", ""value"": 1.1014612604906093, ""unit"": ""factor""}]","[{""benchmark"": ""MC correct"", ""value"": 167, ""unit"": ""correct items""}]",panel_216,exp_20260911_matched_whole_pool_recovery:16:20,"[""b06304aebf81a70626c4546f896b40f0bd9177a953803deb23fe023ace06a157""]"
9240077af81d4ed06bfd,original1536_replay4,allenai/OLMo-2-0325-32B-Instruct,exp_20260911_matched_whole_pool_recovery | fixed copy512 32windows,registry-reported,Dendritic replacement,mixed (experiment assessment; see original gate record),[],"[{""axis"": ""whole_registered_bytes"", ""label"": ""Whole-model registered bytes"", ""value"": 58530029553, ""unit"": ""bytes""}, {""axis"": ""whole_compression"", ""label"": ""Whole-model registered compression"", ""value"": 1.1014612604906093, ""unit"": ""factor""}]","[{""benchmark"": ""Copy512 perplexity ratio"", ""value"": 0.9996127640134653, ""unit"": ""factor""}]",panel_219,exp_20260911_matched_whole_pool_recovery:16:24,"[""b06304aebf81a70626c4546f896b40f0bd9177a953803deb23fe023ace06a157""]"
b71bb3a0c614d2c22e5e,original1536_replay4,allenai/OLMo-2-0325-32B-Instruct,exp_20260911_matched_whole_pool_recovery | frozen GSM train development64,registry-reported,Dendritic replacement,mixed (experiment assessment; see original gate record),[],"[{""axis"": ""whole_registered_bytes"", ""label"": ""Whole-model registered bytes"", ""value"": 58530029553, ""unit"": ""bytes""}, {""axis"": ""whole_compression"", ""label"": ""Whole-model registered compression"", ""value"": 1.1014612604906093, ""unit"": ""factor""}]","[{""benchmark"": ""GSM correct"", ""value"": 51, ""unit"": ""correct items""}]",panel_215,exp_20260911_matched_whole_pool_recovery:16:19,"[""b06304aebf81a70626c4546f896b40f0bd9177a953803deb23fe023ace06a157""]"
f230605d9f70cda48530,original1536_replay4,allenai/OLMo-2-0325-32B-Instruct,exp_20260911_matched_whole_pool_recovery | C4 256windows selection-only/no-admission,registry-reported,Dendritic replacement,mixed (experiment assessment; see original gate record),[],"[{""axis"": ""whole_registered_bytes"", ""label"": ""Whole-model registered bytes"", ""value"": 58530029553, ""unit"": ""bytes""}, {""axis"": ""whole_compression"", ""label"": ""Whole-model registered compression"", ""value"": 1.1014612604906093, ""unit"": ""factor""}]","[{""benchmark"": ""C4 teacher KL"", ""value"": 0.16043029391740646, ""unit"": ""nats/token""}]",panel_217,exp_20260911_matched_whole_pool_recovery:16:21,"[""b06304aebf81a70626c4546f896b40f0bd9177a953803deb23fe023ace06a157""]"
55c5f98b40de584a5f12,pair16_48_neurons12p5_int4,allenai/OLMo-2-0325-32B-Instruct,exp_20260918_native_whole_composition | full_development,registry-reported,Dendritic + quantization,mixed (experiment assessment; see original gate record),[],"[{""axis"": ""registered_unspecified"", ""label"": ""Registered bytes (scope in record)"", ""value"": 16891669364, ""unit"": ""bytes""}]","[{""benchmark"": ""GSM correct"", ""value"": 883, ""unit"": ""items""}, {""benchmark"": ""MC correct"", ""value"": 5227, ""unit"": ""items""}]",panel_133,exp_20260918_native_whole_composition:62:64,"[""59f8f49d03aae03a95f7fed733492349794b57da50baf56d65bf7ece5dada202""]"
5f93a345f6a1a20c3db7,pair16_48_neurons12p5_int8,allenai/OLMo-2-0325-32B-Instruct,exp_20260918_native_whole_composition | full_development,registry-reported,Dendritic + quantization,mixed (experiment assessment; see original gate record),[],"[{""axis"": ""registered_unspecified"", ""label"": ""Registered bytes (scope in record)"", ""value"": 16944747984, ""unit"": ""bytes""}]","[{""benchmark"": ""GSM correct"", ""value"": 883, ""unit"": ""items""}, {""benchmark"": ""MC correct"", ""value"": 5232, ""unit"": ""items""}]",panel_133,exp_20260918_native_whole_composition:57:59,"[""59f8f49d03aae03a95f7fed733492349794b57da50baf56d65bf7ece5dada202""]"
9d089b74ddefa42fa3c2,pair16_48_neurons25_int4,allenai/OLMo-2-0325-32B-Instruct,exp_20260918_native_whole_composition | full_development,registry-reported,Dendritic + quantization,mixed (experiment assessment; see original gate record),[],"[{""axis"": ""registered_unspecified"", ""label"": ""Registered bytes (scope in record)"", ""value"": 17049569768, ""unit"": ""bytes""}]","[{""benchmark"": ""GSM correct"", ""value"": 898, ""unit"": ""items""}, {""benchmark"": ""MC correct"", ""value"": 5227, ""unit"": ""items""}]",panel_133,exp_20260918_native_whole_composition:52:54,"[""59f8f49d03aae03a95f7fed733492349794b57da50baf56d65bf7ece5dada202""]"
22a592a15dda91b194e4,pair16_48_neurons25_int8,allenai/OLMo-2-0325-32B-Instruct,exp_20260918_native_whole_composition | full_development,registry-reported,Dendritic + quantization,mixed (experiment assessment; see original gate record),[],"[{""axis"": ""registered_unspecified"", ""label"": ""Registered bytes (scope in record)"", ""value"": 17155732792, ""unit"": ""bytes""}]","[{""benchmark"": ""GSM correct"", ""value"": 891, ""unit"": ""items""}, {""benchmark"": ""MC correct"", ""value"": 5225, ""unit"": ""items""}]",panel_133,exp_20260918_native_whole_composition:47:49,"[""59f8f49d03aae03a95f7fed733492349794b57da50baf56d65bf7ece5dada202""]"
d601385205b95a3eb336,positive333_a_bf16,allenai/OLMo-2-0325-32B-Instruct,exp_20260910_packed_population_cells | frozen development GSM64/MC192; independent C4/copy,registry-reported,Dendritic replacement,inconclusive (experiment assessment; see original gate record),[],"[{""axis"": ""cell_registered_bytes"", ""label"": ""Cell registered bytes"", ""value"": 433006800, ""unit"": ""bytes""}]","[{""benchmark"": ""GSM correct"", ""value"": 50, ""unit"": ""items""}, {""benchmark"": ""MC correct"", ""value"": 166, ""unit"": ""items""}, {""benchmark"": ""Answered and stopped"", ""value"": 64, ""unit"": ""items""}]",panel_115,exp_20260910_packed_population_cells:47:21,"[""508dfd08030b35175407669c596bd890dc2e7d7644a1e3996a0054978d8ee1a9""]"
73887a935c53174152af,positive333_a_int4,allenai/OLMo-2-0325-32B-Instruct,exp_20260910_packed_population_cells | frozen development GSM64/MC192; independent C4/copy,registry-reported,Dendritic + quantization,inconclusive (experiment assessment; see original gate record),[],"[{""axis"": ""cell_registered_bytes"", ""label"": ""Cell registered bytes"", ""value"": 292554960, ""unit"": ""bytes""}]","[{""benchmark"": ""GSM correct"", ""value"": 51, ""unit"": ""items""}, {""benchmark"": ""MC correct"", ""value"": 166, ""unit"": ""items""}, {""benchmark"": ""Answered and stopped"", ""value"": 64, ""unit"": ""items""}]",panel_115,exp_20260910_packed_population_cells:65:61,"[""508dfd08030b35175407669c596bd890dc2e7d7644a1e3996a0054978d8ee1a9""]"
07469416ea15fe0a6a9c,positive333_a_int8,allenai/OLMo-2-0325-32B-Instruct,exp_20260910_packed_population_cells | frozen development GSM64/MC192; independent C4/copy,registry-reported,Dendritic + quantization,inconclusive (experiment assessment; see original gate record),[],"[{""axis"": ""cell_registered_bytes"", ""label"": ""Cell registered bytes"", ""value"": 344761552, ""unit"": ""bytes""}]","[{""benchmark"": ""GSM correct"", ""value"": 49, ""unit"": ""items""}, {""benchmark"": ""MC correct"", ""value"": 166, ""unit"": ""items""}, {""benchmark"": ""Answered and stopped"", ""value"": 64, ""unit"": ""items""}]",panel_115,exp_20260910_packed_population_cells:54:25,"[""508dfd08030b35175407669c596bd890dc2e7d7644a1e3996a0054978d8ee1a9""]"
69fc581372d544751c88,quantile_safeguard_span8_positive_222_all_occupancy_quantile_max512,allenai/OLMo-2-0325-32B-Instruct,exp_20260910_quantile_slope_ceiling_control | frozen development GSM64/MC192; independent C4/copy,registry-reported,Method not classified,inconclusive (experiment assessment; see original gate record),[],"[{""axis"": ""cell_registered_bytes"", ""label"": ""Cell registered bytes"", ""value"": 849256426, ""unit"": ""bytes""}]","[{""benchmark"": ""GSM correct"", ""value"": 51, ""unit"": ""items""}, {""benchmark"": ""MC correct"", ""value"": 165, ""unit"": ""items""}]",panel_181,exp_20260910_quantile_slope_ceiling_control:9:5,"[""3b01a4a3cf054ff002f1b2a7be2c9c843d59d724cdf787d6691e83d40c2b0d6b""]"
02f41e7c9a88c6f6bb6f,quantile_safeguard_span8_positive_22_all_occupancy_quantile_max512,allenai/OLMo-2-0325-32B-Instruct,exp_20260910_quantile_slope_ceiling_control | frozen development GSM64/MC192; independent C4/copy,registry-reported,Method not classified,inconclusive (experiment assessment; see original gate record),[],"[{""axis"": ""cell_registered_bytes"", ""label"": ""Cell registered bytes"", ""value"": 849286576, ""unit"": ""bytes""}]","[{""benchmark"": ""GSM correct"", ""value"": 47, ""unit"": ""items""}, {""benchmark"": ""MC correct"", ""value"": 168, ""unit"": ""items""}]",panel_181,exp_20260910_quantile_slope_ceiling_control:14:10,"[""3b01a4a3cf054ff002f1b2a7be2c9c843d59d724cdf787d6691e83d40c2b0d6b""]"
adb4e918079b0a3f869f,quantile_safeguard_span8_positive_22_distal_occupancy_quantile_max512,allenai/OLMo-2-0325-32B-Instruct,exp_20260910_quantile_slope_ceiling_control | frozen development GSM64/MC192; independent C4/copy,registry-reported,Method not classified,inconclusive (experiment assessment; see original gate record),[],"[{""axis"": ""cell_registered_bytes"", ""label"": ""Cell registered bytes"", ""value"": 849325124, ""unit"": ""bytes""}]","[{""benchmark"": ""GSM correct"", ""value"": 45, ""unit"": ""items""}, {""benchmark"": ""MC correct"", ""value"": 165, ""unit"": ""items""}]",panel_181,exp_20260910_quantile_slope_ceiling_control:19:15,"[""3b01a4a3cf054ff002f1b2a7be2c9c843d59d724cdf787d6691e83d40c2b0d6b""]"
d9c48fef4c9cb91fe970,quantile_safeguard_span8_positive_333_all_occupancy_quantile_max512,allenai/OLMo-2-0325-32B-Instruct,exp_20260910_quantile_slope_ceiling_control | frozen development GSM64/MC192; independent C4/copy,registry-reported,Method not classified,inconclusive (experiment assessment; see original gate record),[],"[{""axis"": ""cell_registered_bytes"", ""label"": ""Cell registered bytes"", ""value"": 849301738, ""unit"": ""bytes""}]","[{""benchmark"": ""GSM correct"", ""value"": 49, ""unit"": ""items""}, {""benchmark"": ""MC correct"", ""value"": 166, ""unit"": ""items""}]",panel_181,exp_20260910_quantile_slope_ceiling_control:24:20,"[""3b01a4a3cf054ff002f1b2a7be2c9c843d59d724cdf787d6691e83d40c2b0d6b""]"
389928bf1e9197eb7b22,reasoning,allenai/OLMo-2-0325-32B-Instruct,exp_20260911_whole32b_broader_int4_calibration | Fixed 32-window copy2048 gate,registry-reported,Quantization / pruning / deletion,inconclusive (experiment assessment; see original gate record),[],"[{""axis"": ""whole_registered_bytes"", ""label"": ""Whole-model registered bytes"", ""value"": 19130362112, ""unit"": ""bytes""}, {""axis"": ""whole_compression"", ""label"": ""Whole-model registered compression"", ""value"": 3.3699602626737772, ""unit"": ""factor""}]","[{""benchmark"": ""Copy2048 perplexity ratio"", ""value"": 1.0949251457471878, ""unit"": ""ratio""}]",panel_210,exp_20260911_whole32b_broader_int4_calibration:8:15,"[""c8cea08fc5be2889e00b9136680ba5e1fe994057d0997c22e288cfbdacd709ab""]"
3a89711755eae971f4a5,reasoning,allenai/OLMo-2-0325-32B-Instruct,exp_20260911_whole32b_broader_int4_calibration | Frozen 192-item MC train development prefix,registry-reported,Quantization / pruning / deletion,inconclusive (experiment assessment; see original gate record),[],"[{""axis"": ""whole_registered_bytes"", ""label"": ""Whole-model registered bytes"", ""value"": 19130362112, ""unit"": ""bytes""}, {""axis"": ""whole_compression"", ""label"": ""Whole-model registered compression"", ""value"": 3.3699602626737772, ""unit"": ""factor""}]","[{""benchmark"": ""MC correct"", ""value"": 171, ""unit"": ""items""}]",panel_208,exp_20260911_whole32b_broader_int4_calibration:8:12,"[""c8cea08fc5be2889e00b9136680ba5e1fe994057d0997c22e288cfbdacd709ab""]"
9411ac82743f83453ec6,reasoning,allenai/OLMo-2-0325-32B-Instruct,exp_20260911_whole32b_broader_int4_calibration | Frozen 64-item GSM train development prefix,registry-reported,Quantization / pruning / deletion,inconclusive (experiment assessment; see original gate record),[],"[{""axis"": ""whole_registered_bytes"", ""label"": ""Whole-model registered bytes"", ""value"": 19130362112, ""unit"": ""bytes""}, {""axis"": ""whole_compression"", ""label"": ""Whole-model registered compression"", ""value"": 3.3699602626737772, ""unit"": ""factor""}]","[{""benchmark"": ""GSM correct"", ""value"": 55, ""unit"": ""items""}]",panel_207,exp_20260911_whole32b_broader_int4_calibration:8:11,"[""c8cea08fc5be2889e00b9136680ba5e1fe994057d0997c22e288cfbdacd709ab""]"
9bad899a095ef78f35de,reasoning,allenai/OLMo-2-0325-32B-Instruct,exp_20260911_reasoning_int4_full_rejection | reasoning_full_adaptive_development,registry-reported,Quantization / pruning / deletion,negative (experiment assessment; see original gate record),[],"[{""axis"": ""registered_unspecified"", ""label"": ""Registered bytes (scope in record)"", ""value"": 19130362112, ""unit"": ""bytes""}]","[{""benchmark"": ""GSM correct"", ""value"": 910, ""unit"": ""items""}, {""benchmark"": ""MC correct"", ""value"": 5257, ""unit"": ""items""}]",panel_205,exp_20260911_reasoning_int4_full_rejection:5:0,"[""6ffaaf19f7ea4342b62444577820c759fbdaf120dde6332d64330658ccaa5631""]"
bbdc1e4da96c5610e74c,reasoning,allenai/OLMo-2-0325-32B-Instruct,exp_20260911_whole32b_broader_int4_calibration | Fixed 32-window copy512 gate,registry-reported,Quantization / pruning / deletion,inconclusive (experiment assessment; see original gate record),[],"[{""axis"": ""whole_registered_bytes"", ""label"": ""Whole-model registered bytes"", ""value"": 19130362112, ""unit"": ""bytes""}, {""axis"": ""whole_compression"", ""label"": ""Whole-model registered compression"", ""value"": 3.3699602626737772, ""unit"": ""factor""}]","[{""benchmark"": ""Copy512 perplexity ratio"", ""value"": 1.0992461098159616, ""unit"": ""ratio""}]",panel_209,exp_20260911_whole32b_broader_int4_calibration:8:14,"[""c8cea08fc5be2889e00b9136680ba5e1fe994057d0997c22e288cfbdacd709ab""]"
33d9930283e3afd23907,sequential_bf16,allenai/OLMo-2-0325-32B-Instruct,exp_20260918_recovered_pair_full | full_development_partial,registry-reported,Method not classified,pending (experiment assessment; see original gate record),[],"[{""axis"": ""registered_unspecified"", ""label"": ""Registered bytes (scope in record)"", ""value"": 17045159080, ""unit"": ""bytes""}]","[{""benchmark"": ""Copy512 perplexity ratio"", ""value"": 1.0301939597590326, ""unit"": ""ratio""}, {""benchmark"": ""Copy2048 perplexity ratio"", ""value"": 1.036404131495711, ""unit"": ""ratio""}]",panel_183,exp_20260918_recovered_pair_full:4:16,"[""ba255751024bfb92ec6089a87363a0cac099f65eba548927db0a0d0c5b2965b6""]"
b78270b32ace2d682ce1,signed_a_bf16,allenai/OLMo-2-0325-32B-Instruct,exp_20260910_packed_population_cells | frozen development GSM64/MC192; independent C4/copy,registry-reported,Dendritic replacement,inconclusive (experiment assessment; see original gate record),[],"[{""axis"": ""cell_registered_bytes"", ""label"": ""Cell registered bytes"", ""value"": 448154526, ""unit"": ""bytes""}]","[{""benchmark"": ""GSM correct"", ""value"": 49, ""unit"": ""items""}, {""benchmark"": ""MC correct"", ""value"": 165, ""unit"": ""items""}, {""benchmark"": ""Answered and stopped"", ""value"": 63, ""unit"": ""items""}]",panel_115,exp_20260910_packed_population_cells:10:6,"[""508dfd08030b35175407669c596bd890dc2e7d7644a1e3996a0054978d8ee1a9""]"
5254c38425e9c331b0c3,signed_a_int4,allenai/OLMo-2-0325-32B-Instruct,exp_20260910_packed_population_cells | frozen development GSM64/MC192; independent C4/copy,registry-reported,Dendritic + quantization,inconclusive (experiment assessment; see original gate record),[],"[{""axis"": ""cell_registered_bytes"", ""label"": ""Cell registered bytes"", ""value"": 295074546, ""unit"": ""bytes""}]","[{""benchmark"": ""GSM correct"", ""value"": 49, ""unit"": ""items""}, {""benchmark"": ""MC correct"", ""value"": 165, ""unit"": ""items""}, {""benchmark"": ""Answered and stopped"", ""value"": 63, ""unit"": ""items""}]",panel_115,exp_20260910_packed_population_cells:20:16,"[""508dfd08030b35175407669c596bd890dc2e7d7644a1e3996a0054978d8ee1a9""]"
3b8792615b33f66ae872,signed_a_int8,allenai/OLMo-2-0325-32B-Instruct,exp_20260910_packed_population_cells | frozen development GSM64/MC192; independent C4/copy,registry-reported,Dendritic + quantization,inconclusive (experiment assessment; see original gate record),[],"[{""axis"": ""cell_registered_bytes"", ""label"": ""Cell registered bytes"", ""value"": 348377798, ""unit"": ""bytes""}]","[{""benchmark"": ""GSM correct"", ""value"": 49, ""unit"": ""items""}, {""benchmark"": ""MC correct"", ""value"": 166, ""unit"": ""items""}, {""benchmark"": ""Answered and stopped"", ""value"": 63, ""unit"": ""items""}]",panel_115,exp_20260910_packed_population_cells:15:11,"[""508dfd08030b35175407669c596bd890dc2e7d7644a1e3996a0054978d8ee1a9""]"
9ce6029b91cd8a837811,warm_i100m_recovered_bf16_delete17,allenai/OLMo-2-0325-32B-Instruct,exp_20260918_native_whole_composition | full_development,registry-reported,Dendritic replacement,mixed (experiment assessment; see original gate record),[],"[{""axis"": ""whole_registered_bytes"", ""label"": ""Whole-model registered bytes"", ""value"": 17020954764, ""unit"": ""bytes""}]","[{""benchmark"": ""GSM correct"", ""value"": 913, ""unit"": ""count""}, {""benchmark"": ""MC correct"", ""value"": 5262, ""unit"": ""count""}, {""benchmark"": ""Answered and stopped"", ""value"": 1009, ""unit"": ""count""}]",panel_123,exp_20260918_native_whole_composition:17:19,"[""59f8f49d03aae03a95f7fed733492349794b57da50baf56d65bf7ece5dada202""]"
eab3278426357a73a8e9,warm_i100m_recovered_int8_delete17,allenai/OLMo-2-0325-32B-Instruct,exp_20260918_native_whole_composition | full_development,registry-reported,Dendritic + quantization,mixed (experiment assessment; see original gate record),[],"[{""axis"": ""whole_registered_bytes"", ""label"": ""Whole-model registered bytes"", ""value"": 16920754244, ""unit"": ""bytes""}]","[{""benchmark"": ""GSM correct"", ""value"": 910, ""unit"": ""count""}, {""benchmark"": ""MC correct"", ""value"": 5262, ""unit"": ""count""}, {""benchmark"": ""Copy512 perplexity ratio"", ""value"": 1.1079326142799808, ""unit"": ""ratio""}, {""benchmark"": ""Copy2048 perplexity ratio"", ""value"": 1.08158894558257, ""unit"": ""ratio""}, {""benchmark"": ""Answered and stopped"", ""value"": 1014, ""unit"": ""count""}]",panel_123,exp_20260918_native_whole_composition:0:2,"[""59f8f49d03aae03a95f7fed733492349794b57da50baf56d65bf7ece5dada202""]"
c1a84ace939a397eee03,warm_i10m_fit_bf16_delete17,allenai/OLMo-2-0325-32B-Instruct,exp_20260918_native_whole_composition | full_development,registry-reported,Dendritic replacement,mixed (experiment assessment; see original gate record),[],"[{""axis"": ""whole_registered_bytes"", ""label"": ""Whole-model registered bytes"", ""value"": 17020954764, ""unit"": ""bytes""}]","[{""benchmark"": ""GSM correct"", ""value"": 901, ""unit"": ""count""}, {""benchmark"": ""MC correct"", ""value"": 5262, ""unit"": ""count""}, {""benchmark"": ""Answered and stopped"", ""value"": 1016, ""unit"": ""count""}]",panel_123,exp_20260918_native_whole_composition:10:12,"[""59f8f49d03aae03a95f7fed733492349794b57da50baf56d65bf7ece5dada202""]"
5948a2976dcc38bfc655,"Layer-7 dense INT3 GPTQ, original calibration draw",allenai/OLMo-2-0425-1B,"Curated: BF16/eager/H200; frozen GSM train-dev1024 plus fresh MC1024 per each of six tasks, v4 instrument; teacher379/4135",curated,Quantization / pruning / deletion,Original artifact passes; INT3 calibration repeats fail,[],"[{""axis"": ""whole_registered_bytes"", ""label"": ""Whole-model registered bytes"", ""value"": 2889617664, ""unit"": ""bytes""}]","[{""benchmark"": ""GSM correct / 1024"", ""value"": 356, ""unit"": ""items""}, {""benchmark"": ""MC correct / 6144"", ""value"": 4119, ""unit"": ""items""}]",panel_2,olmo1b_int3_gptq__gsm,"[""1503e555046fd4edc5010c596ee2f8fbe39b83297b443e115fb9fdbea4fb47cc"", ""3a6388ad80cb29ab6633fefb102575ed44b6babe25016c9c3daa423680a43161"", ""6d17c5b9d4da066acc5084ba2b0b457d408b5f2e25433202f7c8e1e2b6e51015"", ""795690afb2576c10014824cfa6bfbb620bc8afdfe5c1c34dca9fd199bea10e34"", ""b3c76769b4376a06ddea5b66fe92997d880994788824523f339fa9a1ed03a55b"", ""b51e78d690567b0de231cac287668a67c5c2e83dda7ff9480cdc09b8bef2b60e"", ""c3235c71495e027d11feb2122303cc7d152ca5ee1d3a0a30282be7bc6518a36d""]"
01426a11e26b28f9091c,Layer-7 native INT4 AWQ-lite,allenai/OLMo-2-0425-1B,"Curated: BF16/eager/H200; frozen GSM train-dev1024 plus fresh MC1024 per each of six tasks, v4 instrument; teacher379/4135",curated,Quantization / pruning / deletion,All five original development gates pass,[],"[{""axis"": ""whole_registered_bytes"", ""label"": ""Whole-model registered bytes"", ""value"": 2896720128, ""unit"": ""bytes""}]","[{""benchmark"": ""GSM correct / 1024"", ""value"": 352, ""unit"": ""items""}, {""benchmark"": ""MC correct / 6144"", ""value"": 4134, ""unit"": ""items""}]",panel_2,olmo1b_native_int4__gsm,"[""21443274c5f561a56ae9f36b4839b2a954dbe18f82857e0b6150e298a3b60d62"", ""4db713a472094b2ee8cbee5267b6b66a92bd60ebc543b419c2a7276c786a726d"", ""4dd738c8648411147ba5c0575422bd54cbf3723ef618a4aabe79da0c6f5fdfdb"", ""6d17c5b9d4da066acc5084ba2b0b457d408b5f2e25433202f7c8e1e2b6e51015"", ""795690afb2576c10014824cfa6bfbb620bc8afdfe5c1c34dca9fd199bea10e34""]"
2d141fd8679f0adce1b6,Layer-7 native INT8 AWQ-lite,allenai/OLMo-2-0425-1B,"Curated: BF16/eager/H200; frozen GSM train-dev1024 plus fresh MC1024 per each of six tasks, v4 instrument; teacher379/4135",curated,Quantization / pruning / deletion,All five original development gates pass,[],"[{""axis"": ""whole_registered_bytes"", ""label"": ""Whole-model registered bytes"", ""value"": 2921885952, ""unit"": ""bytes""}]","[{""benchmark"": ""GSM correct / 1024"", ""value"": 373, ""unit"": ""items""}, {""benchmark"": ""MC correct / 6144"", ""value"": 4138, ""unit"": ""items""}]",panel_2,olmo1b_native_int8__gsm,"[""10c7d7d1dba0d8d8e3c8fbaf6fa0b18601acb8279e770649117c9b90abc3e8ac"", ""4db713a472094b2ee8cbee5267b6b66a92bd60ebc543b419c2a7276c786a726d"", ""4dd738c8648411147ba5c0575422bd54cbf3723ef618a4aabe79da0c6f5fdfdb"", ""6d17c5b9d4da066acc5084ba2b0b457d408b5f2e25433202f7c8e1e2b6e51015"", ""795690afb2576c10014824cfa6bfbb620bc8afdfe5c1c34dca9fd199bea10e34""]"
171ceffa6a98d1faf72f,initial,allenai/OLMo-2-0425-1B,exp_20260907_teacher_channel_initialization | Frozen complete TRAIN-development battery; no final-test evaluation,registry-reported,Dense / low-rank replacement,negative (experiment assessment; see original gate record),[],"[{""axis"": ""file_unspecified"", ""label"": ""Serialized bytes (scope in record)"", ""value"": 23769007, ""unit"": ""bytes""}, {""axis"": ""resident_unspecified"", ""label"": ""Resident bytes (scope in record)"", ""value"": 23764992, ""unit"": ""bytes""}]","[{""benchmark"": ""GSM correct"", ""value"": 34, ""unit"": ""items""}, {""benchmark"": ""MC macro accuracy"", ""value"": 0.6165364583333334, ""unit"": ""fraction""}, {""benchmark"": ""Copy512 perplexity ratio"", ""value"": 14.509192012333987, ""unit"": ""ratio""}, {""benchmark"": ""Copy2048 perplexity ratio"", ""value"": 255.14860052719072, ""unit"": ""ratio""}, {""benchmark"": ""C4 teacher KL"", ""value"": 0.26090452722055246, ""unit"": ""nats/token""}]",panel_195,exp_20260907_teacher_channel_initialization:8:24,"[""e16832708a13c06a5e3a5acfa544270d0385e2c6e70cc4b1e73954132f0936c2""]"
ca740aff213d9841e122,magnitude50_bf16,allenai/OLMo-2-0425-1B,"exp_20260908_calibrated_teacher_capability | GSM train-dev1024, MC6144, fixed C4/copy; BF16/eager/H200",registry-reported,Quantization / pruning / deletion,mixed (experiment assessment; see original gate record),[],"[{""axis"": ""site_registered_bytes"", ""label"": ""Replacement/site registered bytes"", ""value"": 56623104, ""unit"": ""bytes""}]","[{""benchmark"": ""GSM correct"", ""value"": 335, ""unit"": ""items""}, {""benchmark"": ""MC correct"", ""value"": 4143, ""unit"": ""items""}, {""benchmark"": ""MC macro accuracy"", ""value"": 0.67431640625, ""unit"": ""fraction""}, {""benchmark"": ""Copy512 perplexity ratio"", ""value"": 1.0377891978333664, ""unit"": ""ratio""}, {""benchmark"": ""Copy2048 perplexity ratio"", ""value"": 1.1175032542267849, ""unit"": ""ratio""}, {""benchmark"": ""Answered and stopped"", ""value"": 0, ""unit"": ""items""}]",panel_57,exp_20260908_calibrated_teacher_capability:6:3,"[""82fd868721016b7cfa2133f61f16f9e885c0d81f065156b4c4e0d69d59ac5fc1""]"
7733dd83d4f79b3a3b60,packed,allenai/OLMo-2-0425-1B,exp_20260908_layer7_int8_capability | Frozen development battery; BF16/eager/H200,registry-reported,Quantization / pruning / deletion,positive (experiment assessment; see original gate record),[],"[{""axis"": ""checkpoint_unspecified"", ""label"": ""Checkpoint file bytes (scope in record)"", ""value"": 2922151003, ""unit"": ""bytes""}]","[{""benchmark"": ""GSM correct"", ""value"": 373, ""unit"": ""correct / 1024""}, {""benchmark"": ""MC macro accuracy"", ""value"": 0.6627604166666666, ""unit"": ""fraction""}]",panel_96,exp_20260908_layer7_int8_capability:28:8,"[""85f916b260500fcbcd7fd14da08f57d846caa50d56b9a5f0e088aadbbacad4c9""]"
af4f5e40977aa4284663,packed,allenai/OLMo-2-0425-1B,exp_20260908_layer7_int4_capability | Frozen development battery; BF16/eager/H200,registry-reported,Quantization / pruning / deletion,positive (experiment assessment; see original gate record),[],"[{""axis"": ""checkpoint_unspecified"", ""label"": ""Checkpoint file bytes (scope in record)"", ""value"": 2896985243, ""unit"": ""bytes""}]","[{""benchmark"": ""GSM correct"", ""value"": 352, ""unit"": ""correct / 1024""}, {""benchmark"": ""MC macro accuracy"", ""value"": 0.6588541666666666, ""unit"": ""fraction""}]",panel_94,exp_20260908_layer7_int4_capability:28:8,"[""85f916b260500fcbcd7fd14da08f57d846caa50d56b9a5f0e088aadbbacad4c9""]"
b2ad6cac8d2b8cafce9e,packed,allenai/OLMo-2-0425-1B,exp_20260908_awq_gsm_diagnostic | Frozen development battery; BF16/eager/H200,registry-reported,Quantization / pruning / deletion,negative (experiment assessment; see original gate record),[],"[{""axis"": ""checkpoint_unspecified"", ""label"": ""Checkpoint file bytes (scope in record)"", ""value"": 1410739795, ""unit"": ""bytes""}]","[{""benchmark"": ""GSM correct"", ""value"": 223, ""unit"": ""correct / 1024""}, {""benchmark"": ""MC macro accuracy"", ""value"": 0.6438802083333334, ""unit"": ""fraction""}]",panel_88,exp_20260908_awq_gsm_diagnostic:28:8,"[""85f916b260500fcbcd7fd14da08f57d846caa50d56b9a5f0e088aadbbacad4c9""]"
197642bce8eb938f65e6,random967_local_raw,allenai/OLMo-2-0425-1B,exp_20260908_dense_trajectory_candidates | Frozen development battery; FP32/eager/H200,registry-reported,Dense / low-rank replacement,negative (experiment assessment; see original gate record),[],"[{""axis"": ""resident_cell_bytes"", ""label"": ""Resident cell bytes"", ""value"": 23764992, ""unit"": ""bytes""}]","[{""benchmark"": ""GSM correct"", ""value"": 142, ""unit"": ""correct / 1024""}, {""benchmark"": ""MC macro accuracy"", ""value"": 0.6373697916666666, ""unit"": ""fraction""}, {""benchmark"": ""Copy512 perplexity ratio"", ""value"": 1.1216669406900102, ""unit"": ""ratio""}, {""benchmark"": ""Copy2048 perplexity ratio"", ""value"": 1.2174031738279147, ""unit"": ""ratio""}]",panel_90,exp_20260908_dense_trajectory_candidates:5:0,"[""85f916b260500fcbcd7fd14da08f57d846caa50d56b9a5f0e088aadbbacad4c9""]"
9a663d4c19149e0a17ff,random967_predictive_kl,allenai/OLMo-2-0425-1B,exp_20260908_dense_trajectory_candidates | Frozen development battery; FP32/eager/H200,registry-reported,Dense / low-rank replacement,negative (experiment assessment; see original gate record),[],"[{""axis"": ""resident_cell_bytes"", ""label"": ""Resident cell bytes"", ""value"": 23764992, ""unit"": ""bytes""}]","[{""benchmark"": ""GSM correct"", ""value"": 166, ""unit"": ""correct / 1024""}, {""benchmark"": ""MC macro accuracy"", ""value"": 0.6588541666666666, ""unit"": ""fraction""}, {""benchmark"": ""Copy512 perplexity ratio"", ""value"": 1.0528894207318045, ""unit"": ""ratio""}, {""benchmark"": ""Copy2048 perplexity ratio"", ""value"": 1.1388380136366307, ""unit"": ""ratio""}]",panel_90,exp_20260908_dense_trajectory_candidates:24:19,"[""85f916b260500fcbcd7fd14da08f57d846caa50d56b9a5f0e088aadbbacad4c9""]"
160d460273b18e0f6efa,sparsegpt50_bf16,allenai/OLMo-2-0425-1B,"exp_20260908_sparsegpt_paired_capability | GSM train-dev1024, MC6144, fixed C4/copy; BF16/eager/H200",registry-reported,Quantization / pruning / deletion,negative (experiment assessment; see original gate record),[],"[{""axis"": ""site_registered_bytes"", ""label"": ""Replacement/site registered bytes"", ""value"": 56623104, ""unit"": ""bytes""}]","[{""benchmark"": ""GSM correct"", ""value"": 326, ""unit"": ""items""}, {""benchmark"": ""MC correct"", ""value"": 4159, ""unit"": ""items""}, {""benchmark"": ""MC macro accuracy"", ""value"": 0.6769205729166666, ""unit"": ""fraction""}, {""benchmark"": ""Copy512 perplexity ratio"", ""value"": 1.010902354628216, ""unit"": ""ratio""}, {""benchmark"": ""Copy2048 perplexity ratio"", ""value"": 1.0207044573196153, ""unit"": ""ratio""}, {""benchmark"": ""Answered and stopped"", ""value"": 468, ""unit"": ""items""}]",panel_63,exp_20260908_sparsegpt_paired_capability:3:0,"[""82fd868721016b7cfa2133f61f16f9e885c0d81f065156b4c4e0d69d59ac5fc1""]"
9606ac18b2acb468dc46,sparsegpt50_int4_gptq,allenai/OLMo-2-0425-1B,"exp_20260908_sparsegpt_paired_capability | GSM train-dev1024, MC6144, fixed C4/copy; BF16/eager/H200",registry-reported,Quantization / pruning / deletion,negative (experiment assessment; see original gate record),[],"[{""axis"": ""site_registered_bytes"", ""label"": ""Replacement/site registered bytes"", ""value"": 20447232, ""unit"": ""bytes""}]","[{""benchmark"": ""GSM correct"", ""value"": 332, ""unit"": ""items""}, {""benchmark"": ""MC correct"", ""value"": 4167, ""unit"": ""items""}, {""benchmark"": ""MC macro accuracy"", ""value"": 0.67822265625, ""unit"": ""fraction""}, {""benchmark"": ""Copy512 perplexity ratio"", ""value"": 1.019084179706148, ""unit"": ""ratio""}, {""benchmark"": ""Copy2048 perplexity ratio"", ""value"": 1.0301757429779264, ""unit"": ""ratio""}, {""benchmark"": ""Answered and stopped"", ""value"": 468, ""unit"": ""items""}]",panel_63,exp_20260908_sparsegpt_paired_capability:21:18,"[""82fd868721016b7cfa2133f61f16f9e885c0d81f065156b4c4e0d69d59ac5fc1""]"
2ba1bcd7badd44c772c5,teacher_channel967_local_raw,allenai/OLMo-2-0425-1B,exp_20260908_dense_trajectory_candidates | Frozen development battery; FP32/eager/H200,registry-reported,Dense / low-rank replacement,negative (experiment assessment; see original gate record),[],"[{""axis"": ""resident_cell_bytes"", ""label"": ""Resident cell bytes"", ""value"": 23764992, ""unit"": ""bytes""}]","[{""benchmark"": ""GSM correct"", ""value"": 185, ""unit"": ""correct / 1024""}, {""benchmark"": ""MC macro accuracy"", ""value"": 0.6595052083333334, ""unit"": ""fraction""}, {""benchmark"": ""Copy512 perplexity ratio"", ""value"": 1.1371726048040844, ""unit"": ""ratio""}, {""benchmark"": ""Copy2048 perplexity ratio"", ""value"": 1.154001687460661, ""unit"": ""ratio""}]",panel_90,exp_20260908_dense_trajectory_candidates:43:38,"[""85f916b260500fcbcd7fd14da08f57d846caa50d56b9a5f0e088aadbbacad4c9""]"
ae578ce907f837254b34,teacher_channel967_predictive_kl,allenai/OLMo-2-0425-1B,exp_20260908_dense_trajectory_candidates | Frozen development battery; FP32/eager/H200,registry-reported,Dense / low-rank replacement,negative (experiment assessment; see original gate record),[],"[{""axis"": ""resident_cell_bytes"", ""label"": ""Resident cell bytes"", ""value"": 23764992, ""unit"": ""bytes""}]","[{""benchmark"": ""GSM correct"", ""value"": 189, ""unit"": ""correct / 1024""}, {""benchmark"": ""MC macro accuracy"", ""value"": 0.6627604166666666, ""unit"": ""fraction""}, {""benchmark"": ""Copy512 perplexity ratio"", ""value"": 1.0878100059552507, ""unit"": ""ratio""}, {""benchmark"": ""Copy2048 perplexity ratio"", ""value"": 1.1250045193825495, ""unit"": ""ratio""}]",panel_90,exp_20260908_dense_trajectory_candidates:62:57,"[""85f916b260500fcbcd7fd14da08f57d846caa50d56b9a5f0e088aadbbacad4c9""]"
f9a7596aa52d75174843,INT4 attention +15 GPTQ INT4 FFNs;17 FFNs intact,allenai/OLMo-3-7B-Instruct,Curated: Original H100 BF16/eager teacher573 GSM and4682 MC; frozen GSM1024/MC6144 operational development instrument,curated,Quantization / pruning / deletion,All five original development gates pass,[],"[{""axis"": ""whole_registered_bytes"", ""label"": ""Whole-model registered bytes"", ""value"": 8496423424, ""unit"": ""bytes""}]","[{""benchmark"": ""GSM correct / 1024"", ""value"": 673, ""unit"": ""items""}, {""benchmark"": ""MC correct / 6144"", ""value"": 4656, ""unit"": ""items""}]",panel_4,olmo7b_attention_selective_125__gsm,"[""1b0b65a8624b8b7f80b3515cc82f8a3bae580ae9d9df73c5e4186ed84d0344dd"", ""3872514257c1e1fc4a7ed52b4f364b5a64a6bba3ffb5d6bc3dd8220100a676b6"", ""3b0d6c99fd2cd63f5f2f306ca00347b51cf00f172220ae603bc23f1e059203e8"", ""6d17c5b9d4da066acc5084ba2b0b457d408b5f2e25433202f7c8e1e2b6e51015"", ""795690afb2576c10014824cfa6bfbb620bc8afdfe5c1c34dca9fd199bea10e34"", ""c558607464351107a63779c721a3f58f72b0d0ea51397491f9e448d886e524dd"", ""dc17c230b58fd5e04c56008b73ac98304c5b44005eb761c7f66e9285006ebd9d""]"
f85b541a5b0a62204d95,INT4 attention +25 GPTQ INT4 FFNs;7 FFNs intact,allenai/OLMo-3-7B-Instruct,Curated: Original H100 BF16/eager teacher573 GSM and4682 MC; frozen GSM1024/MC6144 operational development instrument,curated,Quantization / pruning / deletion,All five original development gates pass,[],"[{""axis"": ""whole_registered_bytes"", ""label"": ""Whole-model registered bytes"", ""value"": 6509699584, ""unit"": ""bytes""}]","[{""benchmark"": ""GSM correct / 1024"", ""value"": 781, ""unit"": ""items""}, {""benchmark"": ""MC correct / 6144"", ""value"": 4650, ""unit"": ""items""}]",panel_4,olmo7b_attention_selective_150__gsm,"[""1b0b65a8624b8b7f80b3515cc82f8a3bae580ae9d9df73c5e4186ed84d0344dd"", ""4969d55f83f9dbe317f755cc40e181dfdd65f915cf59ce00f6b289c7af1ee623"", ""6d17c5b9d4da066acc5084ba2b0b457d408b5f2e25433202f7c8e1e2b6e51015"", ""795690afb2576c10014824cfa6bfbb620bc8afdfe5c1c34dca9fd199bea10e34"", ""c558607464351107a63779c721a3f58f72b0d0ea51397491f9e448d886e524dd"", ""ca57af2010e7aeecf50952ec5cd5b4b24e25b0ebd587d2aed363ef94cd248a70"", ""dc17c230b58fd5e04c56008b73ac98304c5b44005eb761c7f66e9285006ebd9d""]"
04fe09feb8bb4d006125,INT4 attention +31 GPTQ INT4 FFNs +layer26 sparse75 INT4 FFN,allenai/OLMo-3-7B-Instruct,Curated: Original H100 BF16/eager teacher573 GSM and4682 MC; frozen GSM1024/MC6144 operational development instrument,curated,Quantization / pruning / deletion,All five original development gates pass,[],"[{""axis"": ""whole_registered_bytes"", ""label"": ""Whole-model registered bytes"", ""value"": 5118992896, ""unit"": ""bytes""}]","[{""benchmark"": ""GSM correct / 1024"", ""value"": 725, ""unit"": ""items""}, {""benchmark"": ""MC correct / 6144"", ""value"": 4627, ""unit"": ""items""}]",panel_4,olmo7b_attention_selective_max_ffn__gsm,"[""1b0b65a8624b8b7f80b3515cc82f8a3bae580ae9d9df73c5e4186ed84d0344dd"", ""3e782029d25156a72237881d6c330bbc554938fe980f00273256348eb1c3b3c4"", ""6281177bee1a45f0ce9dc15145c88e703b9dcfa350c981d274324abf6704af68"", ""6d17c5b9d4da066acc5084ba2b0b457d408b5f2e25433202f7c8e1e2b6e51015"", ""795690afb2576c10014824cfa6bfbb620bc8afdfe5c1c34dca9fd199bea10e34"", ""b90b5b35731912bac536dd67dec84fb82564025a3c00ed9a1bd66f2fa940cfc8"", ""c0ad08739f17834bcb6cd31090a97bf87f724d78ce73451a46e81d73cf33efb7"", ""c558607464351107a63779c721a3f58f72b0d0ea51397491f9e448d886e524dd"", ""dc17c230b58fd5e04c56008b73ac98304c5b44005eb761c7f66e9285006ebd9d""]"
11f78c6860fa7052a8aa,Combined attention and selective FFNs pass development gates at 2.242196x,allenai/OLMo-3-7B-Instruct,exp_20260909_attention_selective_150_capability | Frozen paired development instrument,registry-reported,Quantization / pruning / deletion,positive (experiment assessment; see original gate record),[],"[{""axis"": ""whole_compression"", ""label"": ""Whole-model registered compression"", ""value"": 2.242196063836054, ""unit"": ""factor""}]","[{""benchmark"": ""Copy2048 perplexity ratio"", ""value"": 1.089724818939676, ""unit"": ""ratio""}, {""benchmark"": ""Copy512 perplexity ratio"", ""value"": 1.1325041377270044, ""unit"": ""ratio""}]",panel_108,exp_20260909_attention_selective_150_capability:0:3,"[""327e68aff4ec326764e0e5f6d470a420fc83843d28a4204581ce945d105bf313""]"
e7f75ccf184b94c239b2,Combined attention and selective FFNs pass development gates at 2.851347x,allenai/OLMo-3-7B-Instruct,exp_20260909_attention_selective_max_ffn_capability | Frozen paired development instrument,registry-reported,Quantization / pruning / deletion,positive (experiment assessment; see original gate record),[],"[{""axis"": ""whole_compression"", ""label"": ""Whole-model registered compression"", ""value"": 2.8513465598683263, ""unit"": ""factor""}]","[{""benchmark"": ""Copy2048 perplexity ratio"", ""value"": 1.1038660217874565, ""unit"": ""ratio""}, {""benchmark"": ""Copy512 perplexity ratio"", ""value"": 1.1518985503501498, ""unit"": ""ratio""}]",panel_110,exp_20260909_attention_selective_max_ffn_capability:0:3,"[""327e68aff4ec326764e0e5f6d470a420fc83843d28a4204581ce945d105bf313""]"
f255cd20c16689ea6aa9,INT4 attention plus 15 INT4 FFNs passes development gates at 1.717902x,allenai/OLMo-3-7B-Instruct,exp_20260908_attention_selective125_capability | Frozen paired development instrument; 1024 GSM and 6144 MC items,registry-reported,Quantization / pruning / deletion,positive (experiment assessment; see original gate record),[],"[{""axis"": ""whole_compression"", ""label"": ""Whole-model registered compression"", ""value"": 1.7179019989482107, ""unit"": ""factor""}, {""axis"": ""whole_registered_bytes"", ""label"": ""Whole-model registered bytes"", ""value"": 8496423424, ""unit"": ""bytes""}]","[{""benchmark"": ""GSM correct"", ""value"": 673, ""unit"": ""items""}, {""benchmark"": ""MC correct"", ""value"": 4656, ""unit"": ""items""}, {""benchmark"": ""Copy2048 perplexity ratio"", ""value"": 1.0777840881689105, ""unit"": ""ratio""}, {""benchmark"": ""Copy512 perplexity ratio"", ""value"": 1.1074683803079537, ""unit"": ""ratio""}]",panel_100,exp_20260908_attention_selective125_capability:0:2,"[""327e68aff4ec326764e0e5f6d470a420fc83843d28a4204581ce945d105bf313""]"
